/mis-favoritos, 
mi-cuenta/, 
carrito/, 
componentes-de-pc/, 
componentes-de-pc/accesorios-y-conectividad-wifi/, 
componentes-de-pc/conectividad-wi-fi-/, 
componentes-de-pc/coolers/, 
componentes-de-pc/disco-hdd/, 
componentes-de-pc/discos-ssd/, 
componentes-de-pc/fuentes-de-poder/, 
componentes-de-pc/gabinetes/, 
componentes-de-pc/memorias-ram/, 
componentes-de-pc/motherboards/, 
componentes-de-pc/outlet/, 
componentes-de-pc/placas-de-video/, 
componentes-de-pc/procesadores/, 
componentes-de-pc/stream/, 
consolas/, 
consolas/playstation/, 
hogar/, 
hogar/camaras/, 
hogar/consolas/, 
hogar/gadgets/, 
hogar/impresoras/, 
hogar/insumos-impresora/, 
hogar/notebooks/, 
hogar/televisores/, 
monitores/, 
monitores/monitores-gamer/, 
monitores/monitores-oficina/, 
monitores/proyectores/, 
otros/, 
otros/productos-varios/, 
pcs-armadas/, 
pcs-armadas/pc-pre-armadas/, 
pcs-armadas/pcs-amd/, 
pcs-armadas/pcs-home-office/, 
pcs-armadas/pcs-intel/, 
perifericos/, 
perifericos/auriculares/, 
perifericos/joysticks/, 
perifericos/kits-gamers/, 
perifericos/microfonos/, 
perifericos/mouse/, 
perifericos/mouse-pad/, 
perifericos/parlantes/, 
perifericos/sillas-gamer/, 
perifericos/teclados/, 
perifericos/webcams/, 
servicios-y-licencias/, 
servicios-y-licencias/servicios-y-software/, 
simuladores/, 
simuladores/simuladores-carreras/, 
rendimiento/, 
sobre-nosotros/, 
contacto/, 
datos-bancarios/, 
politicas-de-privacidad/, 
arrepentimiento/, 
libro-de-quejas-online/, 
cartas-pokemon-tcg, 
514823-playstation-5-playstation-f1-2025-ps5, 
Home/Listado, 
playstation-5/juegos-ps5, 
Buscar/joystick%20xbox, 
nintendo-switch/juegos-switch, 
Buscar/joystick%20powera, 
Buscar/teclado%20kda, 
Buscar/g203, 
perifericos, 
videojuegos-y-consolas/consolas, 
videojuegos-y-consolas, 
Buscar/parlantes%20jbl, 
perifericos-gamer/teclados, 
perifericos-gamer/mouse-gamers, 
perifericos-gamer/microfonos, 
perifericos-gamer/pad, 
ps5/consolas, 
parlantes-bluetooth, 
monitores, 
pc-armadas, 
harry-potter, 
consolas, 
pc-gamer-armadas, 
consolas-retro, 
ps5/juegos-fisicos, 
joystick-dualshock-dualsense, 
Buscar/redragon, 
pc-armadas, 
notebooks, 
financiacion-y-pago-con-usd-usdt, 
componentes-de-pc/placas-de-video, 
componentes-de-pc/microprocesadores, 
Armado, 
componentes-de-pc, 
perifericos, 
Home/Listado, 
coleccionables/cartas-pokemon-tcg, 
poke-ofertas, 
tu-pc-gamer, 
2x1-digitales-ps4-y-ps5, 
sanrio, 
Ayuda, 
contacto/, 
accesorios-/, 
accesorios-/adaptador-de-nvme-a-usb-type-c/, 
accesorios-/cables/, 
accesorios-/estabilizador/, 
accesorios-/hub/, 
accesorios-/limpieza/, 
accesorios-/luz-led/, 
accesorios-/mochila-maletin/, 
accesorios-/soporte/, 
accesorios-/ups/, 
almacenamiento/, 
almacenamiento/hdd-externo/, 
almacenamiento/micro-sd/, 
almacenamiento/pendrive/, 
almacenamiento/ssd-externo/, 
butacas/, 
butacas/silla-gamer/, 
conectividad/, 
conectividad/adaptador-bluetooth-usb/, 
conectividad/adaptador-poe/, 
conectividad/cable-utp/, 
conectividad/extensor-de-rango/, 
conectividad/ficha-rj45/, 
conectividad/placa-wifi-pci-e/, 
conectividad/placa-wifi-usb/, 
conectividad/router/, 
conectividad/switch/, 
conectividad/usb-a-rj45/, 
elegi-tu-pc/, 
elegi-tu-pc/pc-amd/, 
elegi-tu-pc/pc-garage/, 
elegi-tu-pc/pc-intel/, 
eligi-tu-combo/, 
eligi-tu-combo/combo-actualizacion/, 
escritorio-mesa-gamer-/, 
escritorio-mesa-gamer-/alfombra/, 
escritorio-mesa-gamer-/mesa-gamer/, 
gabinete/, 
gabinete/gabinete-kit/, 
hardware/, 
hardware/disco-rigido/, 
hardware/fuente/, 
hardware/fuente-garage/, 
hardware/lectora-cd-dvd/, 
hardware/memoria-ddr3/, 
hardware/memoria-ddr4/, 
hardware/memoria-ddr5/, 
hardware/motherboard-amd/, 
hardware/motherboard-intel/, 
hardware/placa-de-video-garage/, 
hardware/placa-de-video-nvidia/, 
hardware/placa-de-video-radeon/, 
hardware/procesador-amd/, 
hardware/procesador-intel/, 
hardware/ssd/, 
hogar/, 
hogar/ventilador-aire-acondicionado/, 
hogar/videovigilancia/, 
impresora/, 
impresora/impresora-epson/, 
impresora/impresora-hp/, 
impresora/resma-/, 
monitores/, 
monitores/monitor-19a/, 
monitores/monitor-20a/, 
monitores/monitor-22a/, 
monitores/monitor-24a/, 
monitores/monitor-27a/, 
monitores/monitor-32a/, 
monitores/monitor-34a/, 
monitores/monitor-45a/, 
monitores/monitor-portatil-156/, 
monitores/monitor-valkyrie/, 
perifericos/, 
perifericos/auricular/, 
perifericos/capturadora-de-video/, 
perifericos/combo-periferico/, 
perifericos/joystick/, 
perifericos/microfono/, 
perifericos/mouse/, 
perifericos/mouse-pad/, 
perifericos/parlantes/, 
perifericos/soporte/, 
perifericos/teclados/, 
perifericos/volante/, 
perifericos/webcam/, 
portatil/, 
portatil/notebook/, 
portatil/tablet/, 
refrigeracion/, 
refrigeracion/cooler/, 
refrigeracion/cpu-cooler/, 
refrigeracion/pasta-termica/, 
refrigeracion/refrigeracion-liquida/, 
smart-tv/, 
smart-tv/40a/, 
micrositios/monitores-corsair/, 
micrositios/powered-by-asus/, 
rendimiento/, 
/mi-cuenta/, 
carrito/, 
arma-tu-pc/, 
/mis-favoritos, 
mi-cuenta/, 
marca/formula-v-line/, 
sobre-nosotros/, 
atencion-a-empresas/, 
datos-bancarios/, 
politicas-de-privacidad/, 
servicio-tecnico/, 
ayuda/, 
preguntas-frecuentes-faq/, 
politicas-de-devolucion/, 
libro-de-quejas-online/, 
arrepentimiento/, 
/mi-cuenta, 
/371-pc-hogar-oficina, 
/370-pc-gamer, 
/494-pc-diseno, 
/372-mini-pc, 
/508-notebook-oficina, 
/507-notebook-gamer, 
/506-notebook-diseno, 
/510-mochilas, 
/478-sistemas-operativos, 
/414-motherboards, 
/499-kit-teclado-y-mouse, 
/440-mouse, 
/444-teclados, 
/441-mousepad, 
/437-auriculares, 
/439-joystick, 
/442-parlantes, 
/364-webcam, 
/495-silla-gamer, 
/433-monitores-oficina, 
/432-monitores-gamer, 
/435-tvs, 
/423-impresoras-laser, 
/424-impresoras-inkjet, 
/425-impresoras-multifuncion, 
/502-toners, 
/376-placas-de-red, 
/377-placas-wifi, 
/500-cables-av, 
/379-router-wifi, 
/380-switch, 
/374-access-point, 
/390-estabilizadores, 
/393-ups, 
/365-computadoras, 
/418-placas-de-video, 
/419-procesadores, 
/412-memorias, 
/content/30-royal-kludge, 
/2-productos, 
/359-accesorios, 
/366-aio, 
/367-combos-de-actualizacion, 
/368-gamerbox, 
/369-pc-armada, 
/373-conectividad, 
/375-cable-red, 
/378-router, 
/389-energia, 
/391-pdu, 
/392-powerbanks, 
/398-gaming-house, 
/399-gamepad, 
/400-juegos, 
/401-perifericos2, 
/402-play-station, 
/403-volantes, 
/404-xbox, 
/496-streaming, 
/497-televisores, 
/498-microfono, 
/509-escritorios, 
/405-hardware, 
/406-combos-de-actualizacion, 
/407-fuentes, 
/408-gabinetes-con-psu, 
/409-gabinetes-sin-psu, 
/410-hdd, 
/411-hde, 
/413-memorias-soddimm, 
/415-lectograbadoras, 
/416-perifericos3, 
/417-placas-de-sonido, 
/420-refrigeracion, 
/421-ssd, 
/422-impresoras, 
/501-impresoras-de-sistema-continuo, 
/431-monitores-y-tvs, 
/434-monitores-profesionales, 
/436-perifericos, 
/438-gamepads, 
/443-sillas-gamer, 
/518-adaptadores, 
/445-portables, 
/446-2en1, 
/447-celulares, 
/448-gamerbook, 
/449-notebooks, 
/451-wearables, 
/475-software, 
/476-antivirus, 
/477-licencias, 
/479-videovigilancia, 
/493-selecciona-tu-marca, 
/480-sonido-video, 
/481-auriculares, 
/482-capturadoras, 
/483-parlantes/484-portatiles, 
/485-proyectores, 
/486-streaming, 
/487-videovigilancia, 
/488-accesorios, 
/489-camaras-analogicas, 
/490-camaras-ip, 
/491-dvr, 
/492-nvr, 
/511-camaras-wifi-interior, 
/512-camaras-wifi-exterior, 
/503-accesorios, 
/360-adaptadores, 
/361-cable-datos, 
/362-cable-power, 
/363-soportes-led, 
/504-administracion, 
/505-notebooks, 
/514-tablets, 
/515-consumo, 
/516-digitalizadora-grafica, 
/517-smart-home, 
/519-outlet, 
/520-simuladores, 
/521-simulador-de-auto, 
/522-simulador-de-vuelo, 
/523-soporte-para-monitores, 
/content/15-arma-tu-pc, 
/module/iqitsearch/searchiqit, 
/content/23-corsair, 
/blog/articulos/mac-os-vs-windows-vs-linux, 
/blog/articulos, 
/brand/17-msi, 
/brand/26-amd, 
/brand/27-corsair, 
/brand/49-coolermaster, 
/brand/170-xpg, 
/brand/80-adata, 
/brand/152-aerocool, 
/brand/16-gigabyte, 
/brand/25-intel, 
/brand/23-kingston, 
/brand/81-logitech, 
/content/16-quienes-somos, 
/content/3-terminos-y-condiciones-de-uso, 
/content/17-boton-de-arrepentimiento, 
/contactenos, 
/content/19-soporte-al-cliente, 
/content/18-info-al-cliente, 
/recuperar-contraseña, 
/iniciar-sesion, 
/Productos/maximus.aspx, 
/seguimiento/consulta/maximus.aspx, 
/MICUENTA/P=1/maximus.aspx, 
/CHECKOUT/carrito/maximus.aspx, 
/armarpc/armar-pc/maximus.aspx, 
/combopc/combo-pc/maximus.aspx, 
/empresas/cotizacion/maximus.aspx, 
/rma/garantia/maximus.aspx, 
/AYUDA1/centro-de-ayuda/maximus.aspx, 
/Productos/notebooks/maximus.aspx, 
/Productos/notebook/maximus.aspx, 
/Productos/notebooks/notebooks-AMD/maximus.aspx, 
/Productos/notebooks/notebooks-intel/maximus.aspx, 
/Productos/accesorios/maximus.aspx, 
/Productos/perifericos/mouse/maximus.aspx, 
/Productos/perifericos/mouse-pad/maximus.aspx, 
/Productos/Computadoras/maximus.aspx, 
/Productos/Computadoras/Baja/maximus.aspx, 
/Productos/Computadoras/Media/maximus.aspx, 
/Productos/Computadoras/Alta/maximus.aspx, 
/Productos/combo-actualizacion/maximus.aspx, 
/Productos/combos-actualizacion/maximus.aspx, 
/Productos/Placas-De-Video/maximus.aspx, 
/Productos/Motherboards/maximus.aspx, 
/Productos/Microprocesadores/maximus.aspx, 
/Productos/Memorias/maximus.aspx, 
/Productos/gabinetes/maximus.aspx, 
/Productos/refrigeracion-pc/maximus.aspx, 
/Productos/AMD/OR=1/BUS=AMD/maximus.aspx, 
/Productos/Intel/OR=1/BUS=INTEL/maximus.aspx, 
/Productos/accesorios/cables-mod/maximus.aspx, 
/Productos/accesorios/drive-bay/maximus.aspx, 
/Productos/Monitores/maximus.aspx, 
/Productos/Proyectores/maximus.aspx, 
/Productos/Monitores/Televisor-Smart/maximus.aspx, 
/Productos/Monitores/monitores-led/maximus.aspx, 
/Productos/perifericos/teclados/maximus.aspx, 
/Productos/perifericos/maximus.aspx, 
/Productos/perifericos/auriculares/maximus.aspx, 
/Productos/accesorios/soportes/maximus.aspx, 
/Productos/escritorios/maximus.aspx, 
/Productos/Impresoras/maximus.aspx, 
/Productos/perifericos/parlantes/maximus.aspx, 
/Productos/perifericos/joystick/maximus.aspx, 
/Productos/perifericos/webcam/maximus.aspx, 
/Productos/Sillas/maximus.aspx, 
/Productos/OR=1/CAT=10/BUS=/maximus.aspx, 
/Productos/sillas/sillas-gamer/maximus.aspx, 
/Productos/perifericos/volantes/maximus.aspx, 
/Productos/telefonia/celulares/maximus.aspx, 
/Productos/smartwatch-smartband/maximus.aspx, 
/Productos/tablet/maximus.aspx, 
/Productos/accesorios/hdmi/maximus.aspx, 
/Productos/conectividad/routers/maximus.aspx, 
/Productos/outlet/outlets/maximus.aspx, 
/MICUENTA/P=0/maximus.aspx, 
/LOGIN/login/maximus.aspx, 
/Productos/microprocesadores/maximus.aspx, 
/Productos/telefonia/maximus.aspx, 
/Productos/conectividad/maximus.aspx, 
/Productos/Gabinetes/maximus.aspx, 
/Productos/Refrigeracion-pc/maximus.aspx, 
/Productos/perifericos/microfonos/maximus.aspx, 
/Productos/OR=1/BUS=outlet/PAGE=1/maximus.aspx, 
/productos/Perifericos/maximus.aspx, 
/Productos/Notebooks/maximus.aspx, 
/Productos/computadoras/maximus.aspx, 
/Productos/Genesis/maximus.aspx, 
/Productos/Intel/maximus.aspx, 
/Productos/AMD/maximus.aspx, 
/Productos/Asus/maximus.aspx, 
/Productos/Nvidia/maximus.aspx, 
/Productos/Kingston/maximus.aspx, 
/Productos/Gigabyte/maximus.aspx, 
/Productos/Razer/maximus.aspx, 
/Productos/MSI/maximus.aspx, 
/Productos/placas-de-video/maximus.aspx, 
/productos/Monitores/Monitores-144Hz/maximus.aspx, 
/Productos/Monitores/Monitores-240Hz/maximus.aspx, 
/Productos/refrigeracion/maximus.aspx, 
/Productos/Almacenamiento/maximus.aspx, 
/Productos/fuentes/maximus.aspx, 
/Productos/Perifericos/maximus.aspx, 
/quienes-somos/info/maximus.aspx, 
/wfmUpdateIsEditing.aspx, 
/recibi-o-retira-tu-compra.htm#page-info-content, 
/centro-de-ayuda.htm, 
/pagina-inicial.htm, 
/configurador-de-pc.htm, 
/componentes-de-pc/discos-duros-mecanicos, 
/componentes-de-pc/discos-solidos-ssd, 
/componentes-de-pc/memorias-ram/desktop, 
/componentes-de-pc/memorias-ram/notebook, 
/componentes-de-pc/microprocesadores, 
/componentes-de-pc/motherboards/amd, 
/componentes-de-pc/motherboards/intel, 
/componentes-de-pc/placas-de-video, 
/componentes-de-pc/gabinetes, 
/componentes-de-pc/placas-de-sonido, 
/componentes-de-pc/fuentes, 
/componentes-de-pc/pastas-termicas, 
/componentes-de-pc/placas-de-red, 
/componentes-de-pc/refrigeracion/fan-coolers, 
/componentes-de-pc/combos-de-actualizacion, 
/pc-de-escritorio/pcs-de-escritorio, 
/pc-de-escritorio/mini-pcs, 
/pc-de-escritorio/combos-de-actualizacion, 
/pc-de-escritorio/powered-by-asus, 
/notebooks, 
/monitores/19-a-26-pulgadas, 
/monitores/27-a-32-pulgadas, 
/monitores/33-pulgadas-y-superior, 
/monitores/proyectores-y-pantallas, 
/perifericos/teclados, 
/perifericos/gaming-kit, 
/perifericos/teclados---mouse, 
/perifericos/mousepads, 
/perifericos/mouse, 
/perifericos/auriculares/gamer, 
/perifericos/auriculares/oficina-y-urbano, 
/perifericos/parlantes/para-pc, 
/perifericos/parlantes/portatiles, 
/perifericos/joystick-y-volantes, 
/perifericos/webcams, 
/perifericos/punteros-laser-y-presentadores, 
/perifericos/lectores-codigo-de-barras, 
/perifericos/microfonos, 
/conectividad-y-redes/access-point, 
/conectividad-y-redes/modem-router, 
/conectividad-y-redes/routers, 
/conectividad-y-redes/switchs, 
/impresion-y-scanners/impresoras-laser, 
/impresion-y-scanners/impresoras-sistema-continuo, 
/impresion-y-scanners/impresoras-termicas, 
/impresion-y-scanners/impresion-3d/impresoras-3d, 
/impresion-y-scanners/impresion-3d/consumibles, 
/impresion-y-scanners/toners, 
/impresion-y-scanners/cartuchos-de-tinta, 
/relojes-smartwatch, 
/almacenamiento-portatil/microsd, 
/almacenamiento-portatil/pendrives, 
/almacenamiento-portatil/discos-externos, 
/tablets, 
/tabletas-digitalizadoras, 
/televisores-y-tv-box/smart-tvs, 
/televisores-y-tv-box/tv-box, 
/streaming, 
/software, 
/camaras-ip, 
/accesorios/fundas-y-mochilas, 
/accesorios/bases-rrefrigerantes, 
/accesorios/cargadores, 
/accesorios/cables, 
/accesorios/merchandising, 
/soportes, 
/sillas-gamers/sillas-gamer, 
/estabilizadores-ups-y-zapatillas/estabilizadores, 
/estabilizadores-ups-y-zapatillas/ups, 
/estabilizadores-ups-y-zapatillas/zapatillas, 
/componentes-de-pc, 
/componentes-de-pccomponentes-de-pc/memorias-ram, 
/componentes-de-pccomponentes-de-pc/motherboards, 
/componentes-de-pccomponentes-de-pc/gabinetes, 
/componentes-de-pccomponentes-de-pc/fuentes, 
/componentes-de-pccomponentes-de-pc/placas-de-red, 
/componentes-de-pccomponentes-de-pc/refrigeracion, 
/pc-de-escritorio, 
/pc-de-escritoriopc-de-escritorio/mini-pcs, 
/pc-de-escritoriopc-de-escritorio/powered-by-asus, 
/monitoresmonitores/27-a-32-pulgadas, 
/monitoresmonitores/33-pulgadas-y-superior, 
/monitoresmonitores/proyectores-y-pantallas, 
/perifericos, 
/perifericosperifericos/teclados, 
/perifericosperifericos/gaming-kit, 
/perifericosperifericos/teclados---mouse, 
/perifericosperifericos/mousepads, 
/perifericosperifericos/mouse, 
/perifericosperifericos/auriculares, 
/perifericosperifericos/auriculares/gamer, 
/perifericosperifericos/parlantes, 
/perifericosperifericos/parlantes/para-pc, 
/perifericosperifericos/parlantes/portatiles, 
/perifericosperifericos/joystick-y-volantes, 
/perifericosperifericos/webcams, 
/perifericosperifericos/lectores-codigo-de-barras, 
/perifericosperifericos/microfonos, 
/conectividad-y-redes, 
/conectividad-y-redesconectividad-y-redes/routers, 
/conectividad-y-redesconectividad-y-redes/switchs, 
/impresion-y-scanners, 
/impresion-y-scannersimpresion-y-scanners/toners, 
/almacenamiento-portatil, 
/televisores-y-tv-box, 
/televisores-y-tv-boxtelevisores-y-tv-box/tv-box, 
/accesorios, 
/accesoriosaccesorios/fundas-y-mochilas, 
/accesoriosaccesorios/bases-rrefrigerantes, 
/accesoriosaccesorios/cargadores, 
/accesoriosaccesorios/cables, 
/accesoriosaccesorios/merchandising, 
/sillas-gamers, 
/sillas-gamerssillas-gamers/sillas-gamer, 
/estabilizadores-ups-y-zapatillas, 
/computadoras-y-servidores/pcs-de-escritorio, 
/precios-explosivos.htm, 
/corporativo.htm, 
/nvidia.htm, 
/kingstonfury.htm, 
/intel-micrositio.htm, 
/amd-micrositio.htm, 
/msi.htm, 
/hyperx-micro.htm, 
/micrositio-palit.htm, 
/logitech-vx.htm, 
/xpg-vx.htm, 
/corsair-vx.htm, 
/kingston-vx.htm, 
/bangho-vx.htm, 
/cooler-master-vx.htm, 
/ADATA-VX.htm, 
/gamdias-vx.htm, 
/componentes-de-pc/motherboards, 
/resultado-busqueda.htm, 
/apple.htm, 
/hyperxmicro.htm, 
/logitech-microsite, 
/aorus.htm, 
/monitores, 
/kingston.htm, 
/bangho.htm, 
/impresoras-pantum.htm, 
/redragon-venex.htm, 
/tech-accesorios.htm, 
/recibi-o-retira-tu-compra.htm, 
/quienes-somos.htm, 
/terminos-y-condiciones.htm, 
/politicas-de-privacidad.htm, 
/garantia-y-devoluciones.htm, 
/contactanos.htm, 
/promociones-vigentes.htm#page-info-content, 
/pcs-gamer/, 
/arma-tu-pc/, 
/monitores/, 
/notebooks/, 
/perifericos/, 
/combos-de-actualizacion/, 
/sillas-gamer/, 
/arma-tu-pc/motherboard/, 
/arma-tu-pc/procesadores1/, 
/arma-tu-pc/coolers1/, 
/arma-tu-pc/memorias-ram1/, 
/arma-tu-pc/discos1/, 
/arma-tu-pc/discos1/ssd/, 
/arma-tu-pc/discos1/hdd/, 
/arma-tu-pc/placas-de-video1/, 
/arma-tu-pc/placas-de-video1/outlet-usadas/, 
/arma-tu-pc/placas-de-video1/nuevas/, 
/arma-tu-pc/fuentes1/, 
/arma-tu-pc/gabinetes/, 
/perifericos/teclados1/, 
/perifericos/teclados/, 
/perifericos/mouses/, 
/perifericos/mousepads/, 
/perifericos/auriculares/, 
/perifericos/kits/, 
/perifericos/gamepads/, 
/perifericos/webcams/, 
/politica-de-devolucion/, 
/productos/pcgamer-ryzen58600g-16gb/, 
/productos/msi-notebook-gamer-gf63-thin-12ve-837/, 
/productos/gabinete-lnz-m11-x3-ng/, 
/marcas/aorus/, 
/marcas/gigabyte/, 
/productos/, 
/perifericos/, 
/perifericos/teclados/, 
/perifericos/auriculares/, 
/perifericos/parlantes/, 
/perifericos/mouse/, 
/perifericos/mousepads/, 
/perifericos/webcam/, 
/perifericos/microfonos/, 
/perifericos/volantes/, 
/memorias-ram/, 
/memorias-ram/ram-ddr3/, 
/memorias-ram/ram-ddr4/, 
/memorias-ram/ram-ddr5/, 
/memorias-ram/sodimm-ddr3/, 
/memorias-ram/sodimm-ddr4/, 
/memorias-ram/sodimm-ddr5/, 
/fuentes/, 
/fuentes/fuentes1/, 
/fuentes/gabinetes/, 
/gamepad-joystick/, 
/redes/, 
/redes/placas-de-red-usb/, 
/redes/placas-de-red-internas/, 
/redes/router-y-repetidores-wifi/, 
/redes/switch-de-red/, 
/cables-y-accesorios/, 
/pc-armadas/, 
/pc-armadas/pc-gamer/, 
/memorias-portatil/, 
/memorias-portatil/micro-sd/, 
/memorias-portatil/pendrives/, 
/almacenamiento/, 
/almacenamiento/disco-rigidos/, 
/almacenamiento/discos-solidos-ssd/, 
/monitores/, 
/toners/, 
/notebooks/, 
/pc-hogarena-oficina/, 
/placa-de-video/, 
/placa-de-video/ati-amd/, 
/placa-de-video/nvidia/, 
/combos-actualizacion/, 
/combos-actualizacion/combos-intel/, 
/combos-actualizacion/combos-amd/, 
/motherboards/, 
/motherboards/mothers-amd-am4/, 
/motherboards/mother-amd-am5/, 
/motherboards/mother-intel-12va-gen/, 
/motherboards/mother-intel-lga-1851/, 
/microprocesadores/, 
/microprocesadores/intel/, 
/microprocesadores/intel-lga-1851/, 
/microprocesadores/amd/, 
/microprocesadores/amd-ryzen-7000/, 
/microprocesadores/amd-ryzen-8000/, 
/microprocesadores/amd-ryzen-9000/, 
/refrigeracion/, 
/refrigeracion/cooler-cpu/, 
/refrigeracion/cooler-gabinete/, 
/refrigeracion/water-cooling/, 
/refrigeracion/pasta-grasa-termica/, 
/impresoras/, 
/adaptadores/, 
/sillas-gamer/, 
/estabilizadores/, 
/multimedia/, 
/multimedia/capturadoras/, 
/camaras-de-seguridad/, 
/ofertas/, 
/consolas/, 
/como-comprar/, 
/quienes-somos/, 
/formas-de-pago/, 
/arma-tu-pc/, 
/notebooks//pc-hogarena-oficina//placa-de-video/, 
/search/, 
/productos/aire-comprimido-aerosol-chemitec/, 
/productos/mouse-gaming-trust-celox-rgb-gxt165/, 
arma-tu-pc/, 
/mis-favoritos, 
mi-cuenta/, 
carrito/, 
accesorios/, 
accesorios/cables/, 
accesorios/todo-en-accesorios/, 
almacenamiento/, 
almacenamiento/disco-rigido/, 
almacenamiento/ssd-m2/, 
almacenamiento/ssd-sata/, 
apple/, 
apple/accesorios-apple/, 
apple/airpods/, 
apple/apple-watch/, 
apple/ipad/, 
apple/macbook/, 
celulares/, 
celulares/google-pixel-/, 
celulares/iphone/, 
celulares/motorola/, 
celulares/samsung/, 
celulares/xiaomi/, 
combos/, 
combos/actualizacion-/, 
combos/motherboard-y-procesador/, 
combos/placa-de-video-y-fuente/, 
combos/todo-en-combos/, 
conectividad/, 
conectividad/cables/, 
conectividad/placas-wifi/, 
conectividad/placas-wifi-usb/, 
consolas/, 
consolas/nintendo/, 
consolas/playstation/, 
fuente/, 
fuente/nuevo/, 
fuente/usado/, 
gabinetes/, 
gabinetes/todo-en-gabinete/, 
memoria-ram/, 
memoria-ram/todo-en-memorias-ram/, 
monitores/, 
monitores/todo-en-monitores/, 
motherboard/, 
motherboard/amd/, 
motherboard/intel/, 
notebook/, 
notebook/todo-en-notebook/, 
parlantes/, 
parlantes/jbl/, 
pc-armadas/, 
pc-armadas/todo-en-pc-armadas/, 
perifericos-/, 
perifericos-/auriculares/, 
perifericos-/microfono/, 
perifericos-/mouse/, 
perifericos-/teclado/, 
perifericos-/todo-en-perifericos-/, 
perifericos-/web-cam/, 
placas-de-video/, 
placas-de-video/nuevo/, 
placas-de-video/usado/, 
procesadores/, 
procesadores/amd/, 
procesadores/intel/, 
refrigeracion-/, 
refrigeracion-/cooler/, 
refrigeracion-/water-cooling/, 
samsung/, 
samsung/smartwatch/, 
samsung/tablet/, 
silla-gamer/, 
silla-gamer/todo-en-silla-gamer/, 
tablet/, 
tablet/todo-en-tablet/, 
windows/, 
windows/todo-en-windows/, 
rendimiento/, 
contacto/, 
datos-bancarios/, 
politicas-de-privacidad/, 
ayuda/, 
preguntas-frecuentes-faq/, 
arrepentimiento/, 
libro-de-quejas-online/, 
notebooks/, 
smartwatch/, 
parlantes/, 
perifericos/, 
perifericos/otros/, 
perifericos/auriculares/, 
perifericos/joysticks/, 
perifericos/mouses/, 
perifericos/pads/, 
perifericos/teclados/, 
tablets/, 
monitores/, 
apple/, 
componentes-de-pc/, 
componentes-de-pc/memorias-ram/, 
componentes-de-pc/memorias-ram/dimm/, 
componentes-de-pc/memorias-ram/sodimm/, 
componentes-de-pc/discos-solidos/, 
componentes-de-pc/discos-solidos/nvme/, 
componentes-de-pc/discos-solidos/sata/, 
componentes-de-pc/fuentes/, 
componentes-de-pc/gabinetes/, 
componentes-de-pc/motherboards/, 
componentes-de-pc/placas-de-video/, 
componentes-de-pc/procesadores/, 
componentes-de-pc/tarjetas-de-memoria/, 
outlet/, 
consolas/, 
preguntas-frecuentes/, 
politica-de-devolucion/, 
productos/, 
contacto/, 
feed/, 
comments/feed/, 
wp-json/, 
wp-json/wp/v2/pages/1535, 
wp-json/oembed/1.0/embed, 
carrito/, 
categoria-producto/hardware/, 
categoria-producto/hardware/microprocesadores/, 
categoria-producto/hardware/discos/, 
categoria-producto/hardware/discos/memorias-sd/, 
categoria-producto/hardware/discos/pendrives/, 
categoria-producto/hardware/placas-de-video/, 
categoria-producto/hardware/refrigeracion/, 
categoria-producto/equipos/, 
categoria-producto/equipos/pc-amd/, 
categoria-producto/equipos/pc-intel/, 
categoria-producto/equipos/notebooks/, 
categoria-producto/monitores/, 
categoria-producto/monitores/monitores-gamer/, 
categoria-producto/monitores/monitores-de-diseno/, 
categoria-producto/perifericos/, 
categoria-producto/perifericos/mouses/, 
categoria-producto/perifericos/mouse-pads/, 
categoria-producto/perifericos/teclados/, 
categoria-producto/perifericos/auriculares/, 
categoria-producto/perifericos/microfonos/, 
categoria-producto/perifericos/parlantes/, 
categoria-producto/perifericos/webcams/, 
categoria-producto/perifericos/joysticks/, 
categoria-producto/otros/, 
categoria-producto/otros/sillas/, 
categoria-producto/otros/red-wifi-bluetooth/, 
categoria-producto/otros/ups-de-respaldo/, 
categoria-producto/otros/celulares/, 
categoria-producto/otros/impresoras/, 
categoria-producto/otros/scanner/, 
categoria-producto/otros/proyectores/, 
categoria-producto/otros/capturadoras/, 
categoria-producto/otros/camaras-de-vigilancia/, 
categoria-producto/otros/televisores/, 
categoria-producto/otros/tabletas/, 
categoria-producto/apple/, 
categoria-producto/apple/productos-apple/, 
categoria-producto/apple/accesorios-apple/, 
categoria-producto/go-pro/, 
categoria-producto/go-pro/productos-go-pro/, 
categoria-producto/go-pro/accesorios-go-pro/, 
categoria-producto/consolas/, 
shop/, 
ingresar/, 
categoria-producto/hardware/gabinetes/, 
categoria-producto/gabinetes/, 
categoria-producto/hardware/memorias-ram/, 
categoria-producto/memorias-ram/, 
categoria-producto/microprocesadores/, 
categoria-producto/mouses/, 
categoria-producto/notebooks/, 
categoria-producto/placas-de-video/, 
categoria-producto/hardware/placas-madre/, 
categoria-producto/placas-madre/, 
categoria-producto/refrigeracion/, 
categoria-producto/sillas/, 
producto/monitor-viewsonic-xg2536-25-ips-280hz/, 
producto/monitor-viewsonic-xg251g-25-ips-360hz/, 
producto/monitor-viewsonic-vx2716a-27-ips-120hz/, 
producto/monitor-viewsonic-vx2416a-24-ips-120hz/, 
producto/monitor-viewsonic-va2714-h-27-ips-60hz/, 
categoria-producto/pc-armadas/pc-intel/, 
producto/vga-sentey-rx-550-4gb-d5/, 
producto/vga-asus-dual-rtx-3050-6g-d6/, 
producto/vga-asus-gt-730-brk-2gb-d5-sl/, 
terminos-y-condiciones/, 
garantia/, 
boton-de-arrepentimiento/, 
tag/hardware, 
cat/search/asus%205060, 
tag/placa%20de%20video_rtx/mayor, 
cat/search/EAGLE%20WARRIOR, 
msi/, 
tag/razer_silla%20gamer, 
tag/gigabyte, 
cat/search/predator, 
tag/asus, 
tag/kingston, 
lanzamiento-amd-ryzen-9-X3D, 
tag/msi, 
tag/lg, 
feed/, 
comments/feed/, 
wp-json/, 
wp-json/wp/v2/pages/25, 
wp-json/oembed/1.0/embed, 
wp-content/uploads/gigabyte.fw_-png.avif, 
tienda/, 
ingresar/, 
categoria/componentes-de-pc/, 
categoria/componentes-de-pc/microprocesadores/, 
categoria/componentes-de-pc/refrigeracion/, 
categoria/componentes-de-pc/motherboard/, 
categoria/componentes-de-pc/memorias-ram/, 
categoria/componentes-de-pc/placas-de-video/, 
categoria/componentes-de-pc/disco-hdd/, 
categoria/componentes-de-pc/disco-ssd-m2-nvme/, 
categoria/componentes-de-pc/disco-ssd-m2-sata/, 
categoria/componentes-de-pc/disco-ssd-sata/, 
categoria/componentes-de-pc/fuentes/, 
categoria/componentes-de-pc/gabinetes/, 
categoria/conectividad/, 
categoria/perifericos/, 
categoria/audio/, 
categoria/audio/auriculares-audio/, 
categoria/audio/micr%c3%b3fonos/, 
categoria/audio/parlantes-audio/, 
categoria/perifericos/teclado-mouse-perifericos/, 
categoria/perifericos/mouse-perifericos/, 
categoria/perifericos/teclados-perifericos/, 
categoria/perifericos/webcam-perifericos/, 
categoria/perifericos/mousepad-perifericos/, 
categoria/impresoras/impresora/, 
categoria/almacenamiento/, 
categoria/tabletas-graficas/, 
categoria/armados-pc/, 
categoria/armados-pc/pc-estudio-armados-pc/, 
categoria/armados-pc/armados-pc-armado-pc/, 
categoria/armados-pc/pc-trabajo-armados-pc/, 
categoria/monitores/, 
categoria/notebooks/, 
categoria/electrodomesticos/peque%c3%b1o-electro/, 
categoria/reparadores/, 
carrito/, 
corsair/, 
producto/gabinete-asus-tuf-gt502-gaming-black-tg/, 
producto/cable-red-cat-5e-mts/, 
producto/teclado-corsair-k65-rgb-mini-white/, 
producto/mouse-corsair-katar-elite-wireless/, 
producto/monitor-philips-vline-27-fhd/, 
contacto/, 
preguntas-frecuentes/, 
informar-pago/, 
sobre-nosotros/, 
politicas-de-privacidad/, 
solicitud-de-servicio-tecnico/, 
libro-de-quejas-online/, 
arrepentimiento-de-compra/, 
p/arma-tu-pc-landing, 
#slider=v1&design=standard&heigh=medium, 
_DisplayType_G_BRAND_16360, 
_BRAND_15788, 
_BRAND_7885, 
_BRAND_16360, 
_BRAND_47354, 
_BRAND_7294334, 
_BRAND_13180685, 
_BRAND_448156, 
_BRAND_41874, 
_BRAND_215, 
_BRAND_7494, 
_BRAND_7124, 
_BRAND_7855833, 
_BRAND_17587, 
_BRAND_16215, 
_BRAND_275795, 
_BRAND_18662, 
_BRAND_18623, 
_BRAND_2601943, 
_BRAND_1823, 
_BRAND_433, 
_BRAND_18034, 
_BRAND_20170, 
_BRAND_19879, 
_BRAND_194, 
_BRAND_50538, 
_BRAND_445743, 
_BRAND_1150760, 
_BRAND_206, 
_BRAND_134413, 
_BRAND_5067244, 
_BRAND_2333684, 
_BRAND_4208, 
_BRAND_434164, 
_BRAND_899182, 
_BRAND_2796190, 
_BRAND_195091, 
_BRAND_18685, 
_BRAND_15795, 
_BRAND_9597, 
_BRAND_9565, 
_BRAND_479, 
_BRAND_47687, 
_BRAND_2542655, 
_BRAND_2542653, 
_BRAND_17992, 
_BRAND_17265, 
_BRAND_6504514, 
_BRAND_2017, 
_BRAND_16244, 
_BRAND_1258105, 
_BRAND_9593, 
_BRAND_9079566, 
_BRAND_42328, 
_BRAND_41057, 
_BRAND_4060193, 
_BRAND_2301927, 
_BRAND_17337102, 
_BRAND_16739, 
_BRAND_15162008, 
_BRAND_995, 
_BRAND_9807, 
_BRAND_9344, 
_BRAND_8784, 
_BRAND_80801, 
_BRAND_5986, 
feed/, 
comments/feed/, 
wp-json/, 
wp-json/wp/v2/pages/35, 
wp-json/oembed/1.0/embed, 
tienda/, 
wishlist/, 
carrito/, 
almacenamiento/, 
disco-hdd/, 
disco-ssd/, 
tarjeta-de-memoria/, 
fuentes/, 
todo-en-fuentes/, 
gabinetes/, 
todo-en-gabinetes/, 
memorias-ram/, 
categoria/memorias-ram/todo-en-memorias-ram/, 
motherboards/, 
motherboars-intel/, 
motherboars-amd/, 
placas-de-video/, 
placas-de-video-amd/, 
placas-de-video-nvidia/, 
procesadores/, 
procesadores-amd/, 
procesadores-intel/, 
refrigeracion/, 
categoria/refrigeracion/water-cooling/, 
categoria/refrigeracion/coolers/, 
categoria/refrigeracion/coolers-gabinete/, 
pc-armadas/, 
categoria/impresoras/, 
monitores/, 
conectividad/, 
placas-wifi/, 
repetidor-wifi/, 
router/, 
hubs/, 
adaptadores-bluetooth/, 
perifericos/, 
auriculares/, 
camaras-web/, 
joystick/, 
microfonos/, 
mouse/, 
mouse-pad/, 
parlantes/, 
categoria/perifericos/stream-deck/, 
teclados/, 
volantes/, 
sillas-gamer/, 
notebooks/, 
accesorios/, 
estabilizadores/, 
pasta-termica-thermal-pads/, 
cables/, 
pen-drives/, 
categoria/alcohol-isopropilico/, 
outlet/, 
outlet/outlet/, 
arma-tu-pc/, 
categoria/pc-armadas/, 
categoria/motherboards/, 
categoria/perifericos/, 
categoria/placas-de-video/, 
categoria/refrigeracion/, 
categoria/almacenamiento/, 
etiqueta/entrega-inmediata/, 
producto/cooler-cpu-id-cooling-se-903-xt-basic/, 
producto/cooler-cpu-deepcool-ak400-digital-pro/, 
producto/fan-cooler-id-cooling-as-140-k-black/, 
producto/web-cam-kelyx-1080p-full-hd-c-microfono/, 
producto/fan-cooler-id-cooling-tf-12025-pro-argb/, 
producto/fan-cooler-id-cooling-df-125-k/, 
producto/fan-cooler-id-cooling-df-125-w/, 
producto/fan-cooler-deepcol-xfan-120/, 
politicas-de-garantia-y-devolucion/, 
politicas-de-privacidad/, 
informar-pago/, 
seguimiento-de-pedidos/, 
solicitud-de-servicio-tecnico/, 
libro-de-quejas-on-line/, 
categoria/combos/, 
categoria/combos/combo-amd/, 
categoria/combos/combo-intel/, 
categoria/placas-de-video/placas-de-video-amd/, 
categoria/placas-de-video/placas-de-video-nvidia/, 
categoria/motherboards/motherboards-amd/, 
categoria/motherboards/motherboards-intel/, 
categoria/perifericos/auriculares/, 
categoria/perifericos/camaras-web/, 
categoria/perifericos/joystick/, 
categoria/perifericos/microfonos/, 
categoria/perifericos/mouse/, 
categoria/perifericos/parlantes/, 
categoria/perifericos/teclados/, 
categoria/perifericos/volantes/, 
accesorios-celulares/, 
accesorios-celulares/cables/, 
accesorios-celulares/soportes/, 
accesorios-celulares/cargadores/, 
accesorios-smartwatch/, 
accesorios-smartwatch/mallas-correas/, 
auriculares/, 
auriculares/bluetooth/, 
auriculares/cable/, 
componentes-pc/, 
componentes-pc/fuentes/, 
componentes-pc/cooler-cpu/, 
componentes-pc/gabinetes/, 
componentes-pc/water-cooler/, 
componentes-pc/cpu/, 
consolas/, 
consolas/retro/, 
consolas/ps51/, 
consolas/ps51/joystick1/, 
consolas/ps51/auriculares2/, 
consolas/ps51/consolas1/, 
consolas/xbox1/, 
consolas/xbox1/joystick2/, 
hogar/, 
hogar/cuidado-personal/, 
hogar/freidoras/, 
hogar/cafeteras-expresso/, 
hogar/fabrica-de-hielo/, 
juguetes/, 
monitores/, 
parlantes-bt/, 
perifericos/, 
perifericos/joystick/, 
perifericos/auriculares1/, 
perifericos/mouse/, 
perifericos/kit-gamer/, 
perifericos/teclados/, 
perifericos/webcams/, 
perifericos/pads/, 
perifericos/digitalizadoras/, 
perifericos/keycaps/, 
perifericos/kit/, 
perifericos/accesorios/, 
perifericos/microfonos/, 
perifericos/switches/, 
perifericos/stream/, 
perifericos/mixer-sonido/, 
perifericos/volantes-y-accesorios1/, 
pilas/, 
pilas/aa/, 
pilas/aaa/, 
sillas-gamer/, 
smartwatch/, 
smartwatch/smartwatch1/, 
outlet/, 
smart-home/, 
smart-home/robot-aspiradoras/, 
smart-home/cerraduras-smart/, 
smart-home/controles-copiadores/, 
smart-home/tv-box1/, 
smart-home/robot-de-cocina/, 
smart-home/robot-piscina/, 
joystick-gamepad/, 
joystick-gamepad/ps5/, 
joystick-gamepad/ps4/, 
joystick-gamepad/xbox/, 
joystick-gamepad/pc/, 
joystick-gamepad/base-de-carga/, 
conectividad-redes/, 
conectividad-redes/switch/, 
coleccionables/, 
coleccionables/llaveros-funko/, 
coleccionables/funko-pop-10cm/, 
computadoras-pc/, 
computadoras-pc/mini-pcs/, 
tablet/, 
mochilas/, 
volantes-y-accesorios/, 
volantes-y-accesorios/volantes/, 
volantes-y-accesorios/palancas-de-cambio/, 
productos/, 
productos/mouses-redragon-m711-cobra-negro/, 
productos/teclado-redragon-eisa-k686wb-rgb-pro/, 
search/, 
impresoras/, 
varios-electronica/, 
como-comprar/, 
terminos-y-condiciones/, 
micrositios/corsair/, 
/mis-favoritos, 
mi-cuenta/, 
carrito/, 
almacenamiento/, 
almacenamiento/disco-externo/, 
almacenamiento/memorias/, 
almacenamiento/pen-drive/, 
audio/, 
audio/auriculares/, 
audio/microfonos/, 
audio/parlantes/, 
Celulares/, 
Celulares/celulares/, 
computadoras/, 
computadoras/all-in-one/, 
computadoras/base-cooler-notebook/, 
computadoras/escritorio/, 
computadoras/fundas/, 
computadoras/mini-pc/, 
computadoras/notebooks/, 
computadoras/pc-corporativa---sff/, 
computadoras/pc-gamer/, 
conectividad/, 
conectividad/Acces-Point/, 
conectividad/asistentes-virtuales/, 
conectividad/cables-de-red/, 
conectividad/extensores-de-red/, 
conectividad/placa-de-red/, 
conectividad/redes-mesh/, 
conectividad/routers/, 
conectividad/switch/, 
conectores/, 
conectores/adaptadores/, 
conectores/cables-audio/, 
conectores/cables-imaiexcl;gen/, 
conectores/cables-usb---220v/, 
electrodomesticos/, 
electrodomesticos/aires-acondicionados/, 
electrodomesticos/hornos/, 
electrodomesticos/pequenos-electrodomesticos/, 
energia/, 
energia/cargadores-220v---auto/, 
energia/cargadores-portatiles-/, 
energia/Estabilizadores/, 
energia/pilas/, 
energia/UPS/, 
hardware/, 
hardware/Combo-Actualizacion/, 
hardware/coolers/, 
hardware/discos-internos-hdd/, 
hardware/discos-solidos-pci-e-m2/, 
hardware/discos-solidos-sata/, 
hardware/fuentes/, 
hardware/gabinetes/, 
hardware/gabinetes-con-fuente-/, 
hardware/memorias-p-server/, 
hardware/memorias-ram-dimm/, 
hardware/memorias-ram-sodimm/, 
hardware/motherboard-amd/, 
hardware/motherboard-intel/, 
hardware/pasta-termica/, 
hardware/placas-de-video-amd/, 
hardware/placas-de-video-nvidia/, 
hardware/procesadores-amd/, 
hardware/procesadores-intel/, 
impresoras/, 
impresoras/impresoras-inkjet/, 
impresoras/impresoras-laser/, 
insumos-de-impresion/, 
insumos-de-impresion/botellas-de-tinta/, 
insumos-de-impresion/cartuchos/, 
insumos-de-impresion/papeleria/, 
insumos-de-impresion/toners/, 
monitores/, 
monitores/media-streamings/, 
monitores/monitores/, 
monitores/monitores-gamer/, 
monitores/monitores-portatiles/, 
monitores/proyectores/, 
monitores/televisores/, 
otros/, 
otros/otros/, 
outlet-/, 
outlet-/outlet/, 
perifericos/, 
perifericos/camaras-web-seguridad/, 
perifericos/Capturadoras-de-Video/, 
perifericos/colectores-de-datos-/, 
perifericos/combos/, 
perifericos/hub-usb/, 
perifericos/joysticks/, 
perifericos/mouse/, 
perifericos/mouse-gamer/, 
perifericos/mouse-pad/, 
perifericos/punteros/, 
perifericos/tabletas-digitalizadoras/, 
perifericos/teclados/, 
perifericos/teclados-gamer/, 
Sillas-/, 
Sillas-/oficina/, 
Sillas-/Sillas-GAMER/, 
smart-watch/, 
smart-watch/smart-watch/, 
soportes/, 
soportes/soporte-de-tv/, 
tablets/, 
tablets/e-reader/, 
tablets/tablets/, 
micrositios/logitech/, 
marca/crucial/, 
marca/kingston/, 
marca/lenovo/, 
marca/logitech/, 
buscar/, 
sobre-nosotros/, 
contacto/, 
datos-bancarios/, 
politicas-de-privacidad/, 
novedades/, 
servicio-tecnico/, 
ayuda/, 
preguntas-frecuentes-faq/, 
arrepentimiento/, 
libro-de-quejas-online/, 
feed/, 
comments/feed/, 
wp-json/, 
wp-json/wp/v2/pages/15, 
wp-json/oembed/1.0/embed, 
carrito/, 
tienda/geforce-gigabyte-3050-oc-low-profile-6gb/, 
tienda/radeon-gigabyte-rx-7600-gaming-oc-8gb/, 
tienda/pc-jinx-ryzen-3-5300g-16gb-ram-ssd-240gb/, 
tienda/monitor-philips-led-27-mod-272v8la/, 
tienda/monitor-philips-27-led-271e1sca-55-curvo/, 
tienda/monitor-27-benq-gw2791-fhd-ips-100hz/, 
tienda/monitor-gamemax-27-100hz-ips-fhd-hdmi/, 
tienda/monitor-samsung-led-24-t350h-xzb/, 
tienda/monitor-hp-s3-pro-22-fhd/, 
tienda/microfono-trust-emita-plus-gxt252/, 
tienda/cable-splitter-pwm-1x4-generico/, 
tienda/volante-y-pedalera-genius-speedmaster/, 
tienda/webcam-genius-s-facecam-1000x-v2-new-pack/, 
tienda/volante-y-pedalera-genius-speedmaster-x2/, 
tienda/teclado-wireless-genius-rs2-kb-7200-black/, 
tienda/teclado-y-mouse-trust-primo-es/, 
tienda/teclado-trust-primo-es/, 
tienda/teclado-trust-torix-mechanical-us/, 
tienda/webcam-trust-teza-4k-uhd/, 
tienda/alfombra-para-silla-gamer-trust-mika/, 
tienda/intelaid-escritorio-ergonomico-hidraulico/, 
tienda/silla-gamer-trust-gxt708w-resto-white-4/, 
tienda/silla-gamer-raidmax-dk-925wt-blanca/, 
tienda/silla-gamer-raidmax-dk-925bk-negra/, 
tienda/silla-gamer-razer-iskur-x/, 
tienda/silla-gamer-trust-gxt708r-resto-red/, 
tienda/silla-gamer-trust-gxt721-ruya-pro-gaming/, 
tienda/silla-gamer-trust-gxt714-ruya-eco-black/, 
tienda/gabinete-gamer-aureox-hydra-plus-arx-335g/, 
tienda/gabinete-gamer-aureox-hebe-arx-340g/, 
tienda/mouse-trust-sketch-silent-wireless-red/, 
tienda/gabinete-sfx-kit-783-black/, 
tienda/mouse-genius-nx-7015-wireless-chocolate/, 
tienda/gabinete-gamer-aureox-volans-arx360g/, 
tienda/mouse-pad-trust-bigfoot-xl/, 
tienda/placa-de-video-asus-prime-rtx-5070-oc12gb/, 
politica-de-devoluciones-y-reembolsos/, 
feed/, 
comments/feed/, 
wp-json/, 
wp-json/wp/v2/pages/874, 
wp-json/oembed/1.0/embed, 
producto/arma-tu-pc/#procesador, 
carro/, 
categoria-producto/microprocesadores/, 
categoria-producto/microprocesadores/amd-am4/, 
categoria-producto/microprocesadores/cpu-amd-am5/, 
categoria-producto/motherboards/, 
categoria-producto/motherboards/amd-am5/, 
categoria-producto/motherboards/intel-1200/, 
categoria-producto/motherboards/intel-lga-1851/, 
categoria-producto/motherboards/mother-varios/, 
categoria-producto/memorias/, 
categoria-producto/memorias/pc-ddr5/, 
categoria-producto/memorias/pc-ddr4/, 
categoria-producto/memorias/para-pc/, 
categoria-producto/memorias/para-notebook/, 
categoria-producto/gabinetes/, 
categoria-producto/fuentes/, 
categoria-producto/almacenamiento/, 
categoria-producto/almacenamiento/discos-rigidos/, 
categoria-producto/almacenamiento/discos-ssd/, 
categoria-producto/placasdevideo/, 
categoria-producto/placasdevideo/nvidia/, 
categoria-producto/placasdevideo/amd-radeon/, 
categoria-producto/cooling/, 
categoria-producto/cooling/cooler-para-cpu/, 
categoria-producto/cooling/fan-para-gabinete/, 
categoria-producto/cooling/pasta-termica/, 
categoria-producto/perifericos/auriculares/, 
categoria-producto/perifericos/teclados/, 
categoria-producto/perifericos/teclados/mecanico/, 
categoria-producto/perifericos/teclados/membrana/, 
categoria-producto/perifericos/teclados/wireless/, 
categoria-producto/perifericos/mouse/, 
categoria-producto/perifericos/mouse/wired/, 
categoria-producto/perifericos/combos/, 
categoria-producto/perifericos/combos/cableado/, 
categoria-producto/perifericos/bungee/, 
categoria-producto/perifericos/pads/, 
categoria-producto/perifericos/microfonos/, 
categoria-producto/perifericos/gamepads/, 
categoria-producto/perifericos/parlantes/, 
categoria-producto/impresoras/, 
categoria-producto/sillon-gamer/, 
categoria-producto/perifericos/webcam/, 
categoria-producto/gaming/, 
categoria-producto/diseno/, 
categoria-producto/hogar-oficina/, 
categoria-producto/mini-pc/, 
categoria-producto/software/, 
categoria-producto/notebooks/, 
categoria-producto/notebooks/hogar-diseno-2d/, 
categoria-producto/notebooks/gaming-y-diseno-3d/, 
categoria-producto/monitores/, 
categoria-producto/conectividad/, 
categoria-producto/conectividad/camaras-ip/, 
categoria-producto/conectividad/patch-cords/, 
categoria-producto/placas-de-red/, 
categoria-producto/conectividad/switch/, 
categoria-producto/accesorios/, 
categoria-producto/accesorios/pendrives/, 
categoria-producto/estabilizadores-y-ups/, 
categoria-producto/accesorios/smart-home/, 
categoria-producto/outlet/, 
producto/combo-gamer-corsair-k55harpoonhs50pad/, 
producto/notebook-asus-zenbook-flip-s13-oled/, 
producto/notebook-asus-zenbook-r5-512gb-8gb-w11/, 
producto/watercooler-asus-rog-ryujin-ii-240/, 
producto/vga-asus-tuf-gaming-oc-rtx-5090-32gb/, 
producto/mouse-trust-gxt900-qudosn-rgb/, 
producto/mouse-trust-gxt950-idon-rgb/, 
producto/auriculares-trust-gxt430-ironn/, 
producto/auriculares-trust-gxt322-carus-black/, 
producto/arcus-90t/, 
producto/router-huawei-ax3s-ax3000-wifi6/, 
producto/mother-asus-prime-b840m-a-am5/, 
producto/huawei-wifi-mesh-3-ax3000-wifi6/, 
producto/gabinete-mlogix-viewmax-180-mini-matx/, 
producto/gabinete-coolermaster-elite-301/, 
producto/gabinete-deepcool-cg580-4f-black/, 
producto/gabinete-deepcool-cg530-4f-white/, 
producto/gabinete-deepcool-cg530-4f-black/, 
la-empresa/, 
preguntas-frecuentes/, 
mi-cuenta/lost-password/, 
arma-tu-pc/, 
/mis-favoritos, 
mi-cuenta/, 
carrito/, 
accesorios/, 
accesorios/todo-en-accesorios/, 
almacenamiento/, 
almacenamiento/carry-disk/, 
almacenamiento/disco-hdd/, 
almacenamiento/disco-ssd/, 
almacenamiento/discos-externos/, 
almacenamiento/pendrives/, 
almacenamiento/tarjeta-de-memoria/, 
cables/, 
cables/todo-en-cables/, 
combos-actualizacion/, 
combos-actualizacion/combos-amd/, 
combos-actualizacion/combos-intel/, 
conectividad/, 
conectividad/access-point/, 
conectividad/controlador-de-acceso/, 
conectividad/mesh-wifi/, 
conectividad/placas-de-red/, 
conectividad/routers/, 
estabilizadores/, 
estabilizadores/todo-en-estabilizadores/, 
fuentes/, 
fuentes/todo-en-fuentes/, 
gabinetes/, 
gabinetes/todo-en-gabinetes/, 
memorias-ram/, 
memorias-ram/memoria-notebook/, 
memorias-ram/memoria-pc/, 
monitores/, 
monitores/todo-en-monitores/, 
motherboards/, 
motherboards/mother-amd/, 
motherboards/mother-intel/, 
notebooks/, 
notebooks/todo-en-notebooks/, 
pc-armadas/, 
pc-armadas/pc-diseno/, 
pc-armadas/pc-gamer/, 
pc-armadas/pc-mini/, 
pc-armadas/pc-oficina---hogar/, 
perifericos/, 
perifericos/auriculares/, 
perifericos/capturadoras/, 
perifericos/joysticks/, 
perifericos/keycaps/, 
perifericos/kits/, 
perifericos/microfonos/, 
perifericos/mouse/, 
perifericos/pads/, 
perifericos/parlantes/, 
perifericos/teclados/, 
perifericos/volantes---accesorios/, 
perifericos/webcam/, 
placas-de-video/, 
placas-de-video/nvidia/, 
placas-de-video/radeon/, 
procesadores/, 
procesadores/amd/, 
procesadores/intel/, 
refrigeracion/, 
refrigeracion/cooler-cpu/, 
refrigeracion/cooler-fan/, 
refrigeracion/soluciones-termicas/, 
refrigeracion/water-cooling/, 
seguridad/, 
seguridad/alarmas---sensores/, 
seguridad/camaras-ip/, 
seguridad/nvr/, 
sillas/, 
sillas/todo-en-sillas/, 
varios/, 
varios/todo-en-varios/, 
marca/adata/, 
marca/amd_1/, 
marca/asrock/, 
marca/asus/, 
marca/cooler-master/, 
marca/corsair/, 
marca/crucial/, 
marca/gskill/, 
marca/gigabyte/, 
marca/intel/, 
marca/kingston/, 
marca/lenovo/, 
marca/lexar/, 
marca/lg/, 
marca/logitech/, 
marca/msi/, 
marca/noctua/, 
marca/patriot/, 
marca/philips/, 
marca/pny/, 
marca/raidmax/, 
marca/razer/, 
marca/samsung/, 
marca/sapphire/, 
marca/seagate/, 
marca/thermaltake/, 
marca/tp-link/, 
marca/trust/, 
marca/viewsonic/, 
marca/wd/, 
marca/xigmatek/, 
/mi-cuenta/, 
buscar/, 
contacto/, 
politicas-de-privacidad/, 
ayuda/, 
preguntas-frecuentes-faq/, 
politicas-de-devolucion/, 
libro-de-quejas-online/, 
arrepentimiento/, 
contacto/, 
arma-tu-pc/, 
/mis-favoritos, 
mi-cuenta/, 
carrito/, 
celulares/, 
celulares/accesorios-celulares/, 
celulares/celulares_1/, 
componentes/, 
componentes/almacenamiento/, 
componentes/fuentes/, 
componentes/gabinete/, 
componentes/memoria-ram/, 
componentes/motherboard/, 
componentes/placa-de-video/, 
componentes/procesadores/, 
componentes/refrigeracion/, 
conectividad/, 
conectividad/accesorios_2/, 
conectividad/router_1/, 
consolas/, 
consolas/accesorios_1/, 
consolas/consolas_1/, 
estabilizadores-y-ups/, 
estabilizadores-y-ups/estabilizadores-y-ups_1/, 
hogar/, 
hogar/electrodomesticos/, 
impresoras/, 
impresoras/impresoras_1/, 
monitores/, 
monitores/monitor/, 
movilidad-urbana/, 
movilidad-urbana/movilidad-urbana_1/, 
notebook/, 
notebook/notebook_1/, 
pc-armadas/, 
pc-armadas/pc-armadas_1/, 
perifericos/, 
perifericos/auricular/, 
perifericos/kit-teclado-y-mouse/, 
perifericos/microfonos_1/, 
perifericos/mousepad/, 
perifericos/mouse_1/, 
perifericos/parlante/, 
perifericos/teclado_1/, 
perifericos/webcam/, 
seguridad/, 
seguridad/camaras/, 
seguridad/dvr_1/, 
seguridad/ups/, 
sillas-gamer/, 
sillas-gamer/sillas-gamer/, 
televisores/, 
televisores/televisores_1/, 
promociones/linea-hogar/, 
promociones/aorus/, 
marca/corsair/, 
marca/gigabyte/, 
marca/hyperx/, 
marca/intel/, 
marca/logitech/, 
marca/razer/, 
marca/thermaltake/, 
marca/trust/, 
sobre-nosotros/, 
datos-bancarios/, 
politicas-de-privacidad/, 
servicio-tecnico/, 
ayuda/, 
arrepentimiento/, 
libro-de-quejas-online/, 
feed/, 
comments/feed/, 
wp-json/, 
wp-json/wp/v2/pages/869711, 
wp-json/oembed/1.0/embed, 
categoria/procesadores/, 
categoria/procesadores/microprocesadores-am4/, 
categoria/microprocesadores-am5-procesadores/, 
categoria/placas-de-video/, 
categoria/placas-de-video/amd-rx-placas-de-video/, 
categoria/refrigeracion-pc/, 
categoria/water-cooler-refrigeracion-cpu/, 
categoria/refrigeracion-gabinete/, 
categoria/motherboards/, 
categoria/motherboard-amd-am4/, 
categoria/motherboard-amd-am5/, 
categoria/motherboard-amd-fm2/, 
categoria/motherboard-lga-1851/, 
categoria/motherboards/motherboard-lga-1700/, 
categoria/motherboards/motherboard-lga-1200/, 
categoria/motherboards/motherboard-lga-1151/, 
categoria/memorias-ram/, 
categoria/memorias/memoria-ram-ddr3/, 
categoria/memorias/memoria-ram-ddr4/, 
categoria/memorias/memoria-ram-ddr5/, 
categoria/memorias/memoria-ram-sodimm-ddr3/, 
categoria/memorias/memoria-ram-sodimm-ddr4/, 
categoria/almacenamiento/, 
categoria/disco-duro-hdd-2-5-notebook/, 
categoria/disco-duro-hdd-3-5-sata/, 
categoria/ssd-almacenamiento/, 
categoria/ssd-m2-almacenamiento/, 
categoria/disco-duro-hdd-nas/, 
categoria/gabinetes/, 
categoria/gabinete-gamer-gabinetes/, 
categoria/gabinete-kit-gabinetes/, 
categoria/fuentes/, 
categoria/fuentes-80-plus/, 
categoria/fuentes-genericas/, 
categoria/pc-gamer/, 
pc-armadas/, 
categoria/powered-by-corsair/, 
categoria/servidores/, 
categoria/notebooks/, 
categoria/notebooks/notebooks-gamer/, 
categoria/notebooks/notebooks-oficina/, 
categoria/gameroom/, 
categoria/gameroom/capturadoras-y-streaming/, 
categoria/consolas/, 
categoria/consolas-de-juego-consolas/, 
categoria/juegos-consola-consolas/, 
categoria/controladoras-y-rgb-gameroom/, 
categoria/gameroom/escritorio-pc/, 
categoria/gameroom/sillas-gamers/, 
categoria/gameroom/smart-home/, 
categoria/gameroom/televisores/, 
categoria/monitores/, 
categoria/monitores/monitores-diseno/, 
categoria/monitores/monitores-gamer/, 
categoria/monitores/monitores-oficina/, 
categoria/apple/, 
categoria/iphone-apple/, 
categoria/ipad-apple/, 
categoria/macbook-apple/, 
categoria/mouse/, 
categoria/mouse/mouse-gamer/, 
categoria/mouse/mouse-oficina/, 
categoria/mouse/mouse-inalambrico/, 
categoria/mouse-pad/, 
categoria/teclados/, 
categoria/teclados/teclados-gamer/, 
categoria/teclados/teclados-inalambrico/, 
categoria/teclados/teclado-gamer-inalambrico/, 
categoria/teclados/teclados-y-mouse-teclados, 
categoria/auriculares-y-microfonos/, 
categoria/auriculares-bluetooth/, 
categoria/parlantes/, 
categoria/camaras/, 
categoria/camaras/camaras-digitales-camaras, 
categoria/camaras/go-pro-camaras, 
categoria/camaras/webcams-camaras, 
categoria/volantes/, 
categoria/volantes-y-pedales/, 
categoria/accesorios/, 
categoria/accesorios-apple/, 
categoria/almacenamiento-externo/, 
categoria/almacenamiento-externo/hdd-externos/, 
categoria/pen-drives/, 
categoria/accesorios/cables-accesorios, 
categoria/power-banks-y-cargadores/, 
categoria/soportes-accesorios/, 
categoria/tableta-digitalizadora/, 
categoria/bluetooth/, 
categoria/estabilizadores-y-ups/, 
categoria/conectividad-y-redes/, 
categoria/wifi-pcie-conectividad-y-redes/, 
categoria/cpe-conectividad-y-redes/, 
categoria/router-wireless-conectividad-y-redes/, 
categoria/wifi-usb-conectividad-y-redes/, 
cart/, 
mi-cuenta/, 
editar/, 
favoritos/, 
categoria/motherboard-lga-1200/, 
categoria/monitores-diseno/, 
producto/monitor-samsung-22-t350-ips-75hz-5ms/, 
producto/monitor-gamer-msi-g244f-e2/, 
producto/monitor-gamer-gigabyte-32-gs32q-sa/, 
wp-content/uploads/x1-1380-300x300.avif, 
producto/monitor-aoc-27-c27g2ze-240hz/, 
wp-content/uploads/x1-1308-300x300.avif, 
producto/silla-gamer-razer-iskur-x/, 
producto/silla-gamer-asus-sl201-rog-aethon-negra/, 
wp-content/uploads/x1-1389-300x300.avif, 
producto/disco-ssd-1tb-kingston-nv3-nvme/, 
producto/procesador-intel-core-i5-14600k-lga1700/, 
producto/mouse-bungee-razer-v3/, 
producto/mouse-logitech-g305-wireless-black/, 
producto/mouse-logitech-g305-wireless-white/, 
producto/mouse-logitech-g305-wireless-lila/, 
producto/mouse-gamer-logitech-g502-hero-rgb/, 
producto/monitor-samsung-24-t350-ips-75hz-5ms/, 
producto/monitor-philips-22-221v8l-77-vga-hdmi/, 
hardware/, 
marca-filtros/amd/, 
marca-filtros/intel/, 
marca-filtros/asus/, 
marca-filtros/gigabyte/, 
marca-filtros/corsair/, 
marca-filtros/lg/, 
marca-filtros/aorus/, 
marca-filtros/hp/, 
marca-filtros/logitech/, 
marca-filtros/lenovo/, 
marca-filtros/msi/, 
marca-filtros/adata/, 
marca-filtros/kingston/, 
marca-filtros/western-digital/, 
marca-filtros/aerocool/, 
marca-filtros/tp-link/, 
marca-filtros/thermaltake/, 
marca-filtros/samsung/, 
marca-filtros/viewsonic/, 
marca-filtros/aoc/, 
producto/fuente-gigabyte-850w-aorus-platinum-pg5/, 
producto/watercooler-gigabyte-gaming-240i-white/, 
categoria/sillas-gamers/, 
wallpapers/, 
informar-pago/, 
garantia/, 
libro-de-quejas-on-line/, 
seguimiento-de-pedidos/, 
term-conditions/, 
pc-armadas/#workstation, 
pc-armadas/#gaming, 
pc-armadas/#contenido, 
categoria/notebooks-gamer/, 
categoria/notebooks-oficina/, 
categoria/capturadoras-y-streaming/, 
categoria/escritorio-pc/, 
categoria/smart-home/, 
categoria/televisores/, 
categoria/monitores-gamer/, 
categoria/monitores-oficina/, 
categoria/cables-accesorios/, 
feed/, 
comments/feed/, 
wp-json/, 
wp-json/wp/v2/pages/11, 
wp-json/oembed/1.0/embed, 
ingresar/, 
carrito/, 
categoria/pc-gamer/, 
categoria/pc-gamer/gama-alta/, 
categoria/pc-gamer/gama-baja/, 
categoria/pc-gamer/gama-media/, 
categoria/pcs-armadas/pc-gamers-intel/, 
categoria/pcs-armadas/mini-pcs/, 
categoria/almacenamiento/, 
categoria/almacenamiento/disco-2-5-notebook/, 
categoria/almacenamiento/disco-3-5-sata/, 
categoria/almacenamiento/disco-externo-hdd/, 
categoria/almacenamiento/disco-ssd/, 
categoria/almacenamiento/disco-ssd-m-2/, 
categoria/almacenamiento/disco-hdd-nas/, 
categoria/motherboard/, 
categoria/motherboard/placa-madre-amd-am4/, 
categoria/motherboard/placa-madre-amd-am5/, 
categoria/motherboard/placa-madre-amd-fm/, 
categoria/motherboard/placa-madre-intel-1151/, 
categoria/motherboard/placa-madre-intel-1200/, 
categoria/motherboard/placa-madre-intel-1700/, 
categoria/microprocesadores/procesador-amd-am4/, 
categoria/microprocesadores/procesador-amd-am5/, 
categoria/microprocesadores/procesador-amd-fm2/, 
categoria/refrigeracion/, 
categoria/refrigeracion/coolers/, 
categoria/refrigeracion/ventiladores/, 
categoria/memorias-ram/, 
categoria/memorias-ram/memoria-ram-dim-ddr3/, 
categoria/memorias-ram/memoria-ram-dim-ddr4/, 
categoria/memorias-ram/memoria-ram-dim-ddr5/, 
categoria/memorias-ram/memoria-ram-sodimm-ddr3/, 
categoria/memorias-ram/memoria-ram-sodimm-ddr4/, 
categoria/gabinetes/, 
categoria/gabinetes/gabinete-con-fuente/, 
categoria/gabinetes/gabinetes-gamer/, 
categoria/fuentes/, 
categoria/fuentes/fuentes-certificadas/, 
categoria/fuentes/fuentes-genericas/, 
notebooks/, 
categoria/notebooks/notebooks-intel/, 
categoria/notebooks/notebooks-gamers-intel/, 
categoria/notebooks/notebooks-gamers-amd/, 
categoria/notebooks/notebooks-amd/, 
placasdevideo/, 
categoria/placa-de-video/amd-placa-de-video/, 
categoria/placa-de-video/nvidia-placa-de-video/, 
monitores/, 
categoria/monitores/monitores-gamer/, 
categoria/monitores/monitores-oficina/, 
sillasgamer/, 
categoria/accesorios/, 
categoria/accesorios/accesorios-accesorios/, 
categoria/accesorios/capturadoras/, 
categoria/accesorios/joysticks/, 
categoria/accesorios/memoria-sd/, 
hardware/, 
categoria/mouses/mouses-oficina/, 
categoria/teclados/, 
categoria/teclados/teclado-y-mouse/, 
categoria/teclados/teclados-teclados/, 
categoria/teclados/teclados-gamer/, 
categoria/teclados/teclados-inalambricos/, 
categoria/teclados/teclados-gamer-inalambricos/, 
categoria/teclados/teclados-mecanicos/, 
categoria/auriculares/, 
categoria/auriculares/auriculares-bluetooth/, 
categoria/auriculares/auriculares-gamer/, 
categoria/auriculares/auriculares-inalambricos/, 
categoria/auriculares/auriculares-oficina/, 
categoria/tecnologia/, 
categoria/tecnologia/smart-tv-tecnologia/, 
categoria/tecnologia/tablet-tecnologia/, 
categoria/tecnologia/impresora/, 
PCArmada/, 
razer/, 
corsair/, 
pcarmada/, 
producto/mother-asus-rog-strix-b550-a-gaming-am4/, 
producto/gabinete-kit/, 
producto/fuente-gamer-aureox-550w-bronze-80psu/, 
producto/disco-ssd-480gb-kingston-a400-sata-iii/, 
producto/disco-ssd-960gb-kingston-a400-sata-iii/, 
producto/memoria-ddr4-4gb-corsair-2666mhz-value/, 
aorus/, 
elgato/, 
producto/mother-asus-lga1700-prime-b860m-a/, 
garantia/, 
informar-pago/, 
politica-de-privacidad/, 
feed/, 
comments/feed/, 
wp-json/, 
wp-json/wp/v2/pages/24, 
wp-json/oembed/1.0/embed, 
carrito/, 
hardware/, 
categoria/procesadores/, 
categoria/procesadores/cpu-amd-procesadores/, 
categoria/procesadores/cpu-intel-procesadores/, 
categoria/motherboards/, 
categoria/motherboards/mother-amd-motherboards/, 
categoria/motherboards/mother-intel-motherboards/, 
categoria/coolers/, 
categoria/coolers/air-cooler-coolers/, 
categoria/coolers/cooler-gabinete-coolers/, 
categoria/coolers/water-cooler-coolers/, 
categoria/placas-de-video/, 
categoria/discos/, 
categoria/discos/disco-externo-discos/, 
categoria/discos/disco-r%c3%adgido-discos/, 
categoria/discos/disco-ssd-discos/, 
categoria/memorias/, 
categoria/memorias/memoria-ram-ddr3-memorias/, 
categoria/memorias/memoria-ram-ddr4-memorias/, 
categoria/memorias/memoria-ram-ddr5-memorias/, 
categoria/fuentes/, 
categoria/fuentes/fuentes-certificadas-fuentes/, 
categoria/fuentes/fuentes-gen%c3%a9ricas-fuentes/, 
categoria/gabinetes/, 
categoria/gabinetes/gabinete-kit-gabinetes/, 
categoria/gabinetes/gabinete-gamer-gabinetes/, 
equipos-armados/, 
monitores/, 
categoria/monitores/monitor-oficina-monitores/, 
categoria/monitores/monitor-gamer-monitores/, 
notebooks/, 
categoria/notebooks/notebook-gamer-notebooks/, 
perifericos/, 
categoria/perifericos/teclados-perifericos/, 
categoria/perifericos/parlantes-perif%c3%a9ricos/, 
categoria/perifericos/joystick-perif%c3%a9ricos/, 
categoria/perifericos/mouse-perifericos/, 
categoria/perifericos/mouse-pad-perif%c3%a9ricos/, 
categoria/perifericos/volantes-perif%c3%a9ricos/, 
categoria/perifericos/web-cam-perif%c3%a9ricos/, 
categoria/sillas/, 
categoria/sillas/sillas-gamer-sillas/, 
impresoras/, 
categoria/seguridad/, 
categoria/conectividad/, 
categoria/impresoras/, 
ofertas/, 
outlet/, 
categoria/outlet/placas-usadas-outlet1/, 
ingresar/, 
categoria/monitores/, 
categoria/perifericos/, 
categoria/notebooks/, 
producto/noblex-notebook-14-1-n4020c-4gb-128gb/, 
producto/exo-notebook-smart-r41-n4020-4128gb/, 
producto/nb-cx-14-intel-celeron-n40208gssd256/, 
producto/nb-asus-14-celeron-n4020-4gb-128gb-w11h/, 
producto/nb-cx-15-6-amd-ryzen-3-3200u8gssd240g/, 
producto/nb-cx-15-6-intel-i3-1025g18gssd240g/, 
producto/nb-cx-15-6-amd-ryzen-3-3200u16gssd500g/, 
arma-tu-pc/, 
cyber-monday-week-hot-sale-black-friday/, 
producto/monitor-gamer-25-arkham-200hz/, 
etiqueta/pc-gamer-gama-entrada-baja/, 
etiqueta/🔥/, 
etiqueta/pc-gamer-gama-alta-argentina/, 
placas-de-video/, 
arma-tu-pc/, 
/mis-favoritos, 
mi-cuenta/, 
carrito/, 
accesorios---cables/, 
accesorios---cables/base-notebook/, 
accesorios---cables/Cable-Para-Pc/, 
accesorios---cables/cables-para-celulares/, 
accesorios---cables/camara-de-seguridad-ip/, 
accesorios---cables/Hub-2.0---3.0/, 
auriculares-/, 
auriculares-/Bluetooth_1/, 
auriculares-/convencionales/, 
auriculares-/Gamer/, 
Combo-Actualizacion/, 
Combo-Actualizacion/Amd_1_1/, 
Combo-Actualizacion/Intel_1_1/, 
Conectividad_2/, 
Conectividad_2/adaptador-bluetooth/, 
Conectividad_2/placa-de-red-wifi/, 
Conectividad_2/router----repetidores/, 
Coolers---Watercooling/, 
Coolers---Watercooling/Cooler-Cpu/, 
Coolers---Watercooling/Cooler-Gabinete/, 
Coolers---Watercooling/Watercooling/, 
fuentes-atx/, 
fuentes-atx/cargador-universal-notebook/, 
fuentes-atx/Fuentes-Atx/, 
Gabinetes_2/, 
Gabinetes_2/gabinetes/, 
Impresoras---Insumos/, 
Impresoras---Insumos/impresoras/, 
Impresoras---Insumos/Toner-Cartuchos/, 
Joystick/, 
Joystick/Arcade/, 
Joystick/Gamepads/, 
Joystick/inalambrico/, 
Memorias-Ram-/, 
Memorias-Ram-/memorias-ddr4/, 
Memorias-Ram-/memorias-ddr5/, 
Monitores/, 
Monitores/monitores/, 
Monitores/monitores-gamer/, 
Motherboards/, 
Motherboards/Amd_1/, 
Motherboards/Intel_1/, 
Notebooks/, 
Notebooks/hp/, 
Notebooks/Lenovo/, 
Notebooks/msi-/, 
parlantes-/, 
parlantes-/Bluetooth/, 
parlantes-/Convencionales_1/, 
parlantes-/home-theater/, 
Pc-Armadas_2/, 
Pc-Armadas_2/all-in-one/, 
Pc-Armadas_2/Hogar-Y-Oficina/, 
Pc-Armadas_2/mini-pc_1/, 
Pc-Armadas_2/pc-gamer-/, 
Pc-Armadas_2/pc-gamer-pro/, 
Pendrives---Micro-Sd/, 
Pendrives---Micro-Sd/Micro-Sd/, 
Pendrives---Micro-Sd/Pendrives/, 
Perifericos-Pc/, 
Perifericos-Pc/alfombra-gamer/, 
Perifericos-Pc/Camaras-Web_1/, 
Perifericos-Pc/Combo-Mouse-Y-Mouse-Pad-Gamer/, 
Perifericos-Pc/Kit-Teclado-Y-Mouse/, 
Perifericos-Pc/microfonos/, 
Perifericos-Pc/Mouse/, 
Perifericos-Pc/Mouse-Gamer/, 
Perifericos-Pc/Mouse-Pad-Gamer/, 
Perifericos-Pc/Pad-Mouse/, 
Perifericos-Pc/palanca-de-cambio/, 
Perifericos-Pc/tabletas-graficas/, 
Perifericos-Pc/Teclados/, 
Perifericos-Pc/Teclados-Gamer/, 
Perifericos-Pc/volantes/, 
Placas-De-Video/, 
Placas-De-Video/aorus-gigabyte/, 
Placas-De-Video/asrock/, 
Placas-De-Video/asus/, 
Placas-De-Video/gigabyte/, 
Placas-De-Video/msi/, 
Placas-De-Video/sapphire/, 
Placas-De-Video/sentey/, 
Placas-De-Video/zotac/, 
Procesadores/, 
Procesadores/Amd/, 
Procesadores/Intel/, 
rigidos---solidos/, 
rigidos---solidos/discos-externos/, 
rigidos---solidos/discos-hdd/, 
rigidos---solidos/discos-m2/, 
rigidos---solidos/discos-ssd/, 
sillas-y-mesa-gamer/, 
sillas-y-mesa-gamer/corsair/, 
sillas-y-mesa-gamer/drift-gaming/, 
sillas-y-mesa-gamer/razer/, 
garantia/, 
promociones/mega-descuentos-extended/, 
/mi-cuenta/, 
micrositios/razer/, 
micrositios/corsair/, 
micrositios/logitech/, 
micrositios/skullcandy/, 
sobre-nosotros/, 
contacto/, 
Garantia/, 
datos-bancarios/, 
politicas-de-privacidad/, 
libro-de-quejas-online/, 
arrepentimiento/, 
carrito/, 
productos-rubro/hogar-y-oficina/, 
productos-rubro/entretenimiento/, 
productos-rubro/gamers/, 
productos-rubro/gabinetes/, 
productos-rubro/motherboards/, 
productos-rubro/procesadores/, 
productos-rubro/memorias-ram/, 
productos-rubro/almacenamiento/, 
productos-rubro/placas-de-video/, 
productos-rubro/fuentes-de-poder/, 
productos-rubro/refrigeracion-pc/, 
productos-rubro//, 
micrositio/precios-killers/, 
facturas/, 
mis-consultas/, 
favoritos/, 
mis-preguntas/, 
venta-empresas/, 
recuperar-password/, 
formas-de-pago/, 
envios/, 
libro-de-quejas/, 
quienes-somos/, 
ubicacion/, 
contacto/, 
trabajar-en-mexx/, 
contacto/, 
arma-tu-pc/, 
/mis-favoritos, 
mi-cuenta/, 
carrito/, 
almacenamiento/, 
almacenamiento/hdd/, 
almacenamiento/pendrives/, 
almacenamiento/ssd/, 
audio/, 
audio/auriculares/, 
audio/microfonos/, 
cables-y-adaptadores/, 
cables-y-adaptadores/cables/, 
celulares-y-tablets/, 
celulares-y-tablets/smartphone/, 
celulares-y-tablets/smartwatches-y-accesorios/, 
combo-actualizacion/, 
combo-actualizacion/amd/, 
combo-actualizacion/intel/, 
conectividad-y-redes/, 
conectividad-y-redes/placas-ethernet/, 
conectividad-y-redes/placas-inalambricas-wifi/, 
conectividad-y-redes/routers/, 
fuentes/, 
fuentes/atx/, 
gabinetes/, 
gabinetes/gabinete-gamer/, 
gabinetes/gabinetes-kit/, 
gabinetes/modding/, 
gamepad---joystick/, 
gamepad---joystick/gamepad/, 
memorias-ram/, 
memorias-ram/memorias/, 
memorias-ram/memorias-notebook/, 
monitores-y-televisores/, 
monitores-y-televisores/monitores/, 
monitores-y-televisores/televisores/, 
mother/, 
mother/para-amd/, 
mother/para-intel/, 
pc-armadas/, 
pc-armadas/amd-ryzen/, 
pc-armadas/intel/, 
placas-de-video/, 
placas-de-video/amd/, 
placas-de-video/nvidia/, 
portatiles/, 
portatiles/notebooks/, 
procesadores/, 
procesadores/amd/, 
procesadores/intel/, 
refrigeracion/, 
refrigeracion/cooler-cpu/, 
refrigeracion/coolers/, 
refrigeracion/varios/, 
refrigeracion/watercooling/, 
sillas-gamers/, 
sillas-gamers/sillas-gamers/, 
teclados-y-mouses/, 
teclados-y-mouses/kit-teclado-mouse/, 
teclados-y-mouses/mouse-pads/, 
teclados-y-mouses/mouses/, 
teclados-y-mouses/teclados/, 
marca/adata/, 
marca/aerocool/, 
marca/amd/, 
marca/aoc/, 
marca/apple/, 
marca/asrock/, 
marca/asus/, 
marca/aureox/, 
marca/cooler-master/, 
marca/corsair/, 
marca/crucial/, 
marca/deep-cool/, 
marca/dell/, 
marca/evga/, 
marca/game-pro/, 
marca/genius/, 
marca/gigabyte/, 
marca/hp/, 
marca/hyper-x/, 
marca/id-cooling/, 
marca/intel/, 
marca/kingston/, 
marca/kolink/, 
marca/lexar/, 
marca/lg/, 
marca/logitech/, 
marca/markvision/, 
marca/mercusys/, 
marca/msi/, 
marca/naxido/, 
marca/noblex/, 
marca/noxi/, 
marca/nvidia/, 
marca/patriot/, 
marca/philips/, 
marca/pny/, 
marca/razer/, 
marca/redragon/, 
marca/samsung/, 
marca/sapphire/, 
marca/seagate/, 
marca/teamgroup/, 
marca/thermaltake/, 
marca/tp-link/, 
marca/trust-gaming/, 
marca/viewsonic/, 
marca/western-digital/, 
marca/xpg/, 
marca/zotac/, 
servicio-tecnico/, 
ayuda/, 
marca/antec/, 
marca/noganet/, 
sobre-nosotros/, 
datos-bancarios/, 
politicas-de-privacidad/, 
arrepentimiento/, 
libro-de-quejas-online/, 
/quienes-somos/, 
/productos/, 
/accesorios-para-pc/, 
/accesorios-para-pc/adaptadores/, 
/accesorios-para-pc/alcohol-isopropilico/, 
/accesorios-para-pc/pastas-termicas/, 
/accesorios-para-pc/accesorios-para-rgb/, 
/celulares/, 
/componentes-de-pc/, 
/componentes-de-pc/placas-de-video/, 
/componentes-de-pc/placas-de-video/nvidia/, 
/componentes-de-pc/placas-de-video/nvidia/rtx/, 
/componentes-de-pc/placas-de-video/nvidia/gt/, 
/componentes-de-pc/placas-de-video/nvidia/gtx1/, 
/componentes-de-pc/procesadores/, 
/componentes-de-pc/procesadores/amd/, 
/componentes-de-pc/procesadores/amd/athlon/, 
/componentes-de-pc/procesadores/amd/socket-am4/, 
/componentes-de-pc/procesadores/amd/socket-am5/, 
/componentes-de-pc/procesadores/intel/, 
/componentes-de-pc/procesadores/xeon/, 
/componentes-de-pc/motherboard/, 
/componentes-de-pc/motherboard/para-intel/, 
/componentes-de-pc/unidades-almacenamiento/, 
/componentes-de-pc/memoria-ram/, 
/componentes-de-pc/memoria-ram/ddr3/, 
/componentes-de-pc/memoria-ram/ddr4/, 
/componentes-de-pc/memoria-ram/ddr5/, 
/componentes-de-pc/memoria-ram/sodimm/, 
/componentes-de-pc/coolers/, 
/componentes-de-pc/coolers/air-cooler/, 
/componentes-de-pc/coolers/water-cooler/, 
/componentes-de-pc/fuentes/, 
/componentes-de-pc/fuentes/fuentes-gigabyte/, 
/componentes-de-pc/fuentes/fuentes-msi/, 
/componentes-de-pc/fuentes/fuentes-sentey/, 
/componentes-de-pc/fuentes/fuentes-thermaltake/, 
/componentes-de-pc/fuentes/fuentes-toughpower/, 
/componentes-de-pc/fuentes/fuentes-smart/, 
/componentes-de-pc/fuentes/fuentes-cromax/, 
/componentes-de-pc/fuentes/fuentes-coolermaster/, 
/componentes-de-pc/fuentes/pcie-gen-5-0/, 
/componentes-de-pc/gabinetes/, 
/componentes-de-pc/gabinetes/mini-slim/, 
/componentes-de-pc/gabinetes/gabinetes-gamer/, 
/perifericos/, 
/perifericos/auriculares/, 
/perifericos/auriculares/auriculares-trust/, 
/perifericos/auriculares/auriculares-logitech/, 
/perifericos/auriculares/auriculares-hyperx/, 
/perifericos/auriculares/genius3/, 
/perifericos/auriculares/msi2/, 
/perifericos/camaras-web/, 
/perifericos/cd-dvd-externos/, 
/perifericos/joysticks/, 
/perifericos/laminadora/, 
/perifericos/microsd/, 
/perifericos/memoria-flash/, 
/perifericos/microfonos/, 
/perifericos/microfonos/microfonos-logitech/, 
/perifericos/microfonos/yeti/, 
/perifericos/microfonos/gtx/, 
/perifericos/microfonos/microfonos-trust/, 
/perifericos/microfonos/microfonos-razer/, 
/perifericos/mouse/, 
/perifericos/mouse/mouse-logitech/, 
/perifericos/mouse/xtech1/, 
/perifericos/mouse/trush1/, 
/perifericos/mouse/primus/, 
/perifericos/mouse/genius1/, 
/perifericos/mouse/hp2/, 
/perifericos/mouse/msi/, 
/perifericos/mouse/klip-xtreme/, 
/perifericos/mouse/evga/, 
/perifericos/mouse/zowie/, 
/perifericos/mouse/mouse-razer/, 
/perifericos/mouse/gx-gaming1/, 
/perifericos/mouse/gigabyte7/, 
/perifericos/mouse/sentey1/, 
/perifericos/mouse/patriot1/, 
/perifericos/mouse/sfx/, 
/perifericos/mouse/aureox1/, 
/perifericos/mouse/soltech/, 
/perifericos/mouse/tt/, 
/perifericos/mouse/inalambricos/, 
/perifericos/mouse/hyperx1/, 
/perifericos/mouse-pad/, 
/perifericos/parlantes/, 
/perifericos/parlantes/trust2/, 
/perifericos/parlantes/parlantes-genius/, 
/perifericos/parlantes/gx-gaming/, 
/perifericos/parlantes/parlantes-philips/, 
/perifericos/parlantes/razer1/, 
/perifericos/parlantes/fyd-fenda/, 
/perifericos/pendrive/, 
/perifericos/proyectores1/, 
/perifericos/scanners/, 
/perifericos/tabletas-digitalizadoras1/, 
/perifericos/teclados-gamer/, 
/perifericos/volantes1/, 
/perifericos/trituradoras-de-papeles/, 
/computadoras-gamers/, 
/computadoras-gamers/mini-computadoras/, 
/computadoras-gamers/computadoras-gamer/, 
/computadoras-gamers/all-in-one/, 
/monitores/, 
/monitores/monitores-philips/, 
/monitores/monitor-hp/, 
/monitores/monitores-gigabyte/, 
/monitores/monitores-lenovo/, 
/monitores/monitores-lg/, 
/monitores/monitores-asus/, 
/monitores/monitores-benq/, 
/monitores/monitores-samsung/, 
/notebook/, 
/notebook/notebooks-con-procesadores-amd/, 
/notebook/notebooks-con-procesadores-amd/asus/, 
/notebook/notebooks-con-procesadores-amd/sony/, 
/notebook/notebooks-con-procesadores-amd/msi5/, 
/notebook/notebooks-con-procesadores-intel/, 
/notebook/notebooks-con-procesadores-intel/asus6/, 
/notebook/notebooks-con-procesadores-intel/hp1/, 
/notebook/accesorios-para-notebook/, 
/tablet/, 
/tablet/iqual/, 
/tablet/sansung/, 
/tablet/lenovo1/, 
/tablet/smart-kassel/, 
/tablet/enova/, 
/conectividad-varios/, 
/conectividad-varios/conectividad-placas-de-red/, 
/conectividad-varios/conectividad-cables/, 
/conectividad-varios/access-point/, 
/conectividad-varios/sistema-mesh-routers/, 
/conectividad-varios/extensores/, 
/conectividad-varios/otros/, 
/impresoras/, 
/impresoras/impresoras-laser/, 
/impresoras/impresoras-laser/impresoras-laser-hp/, 
/impresoras/impresoras-laser/brother/, 
/impresoras/impresoras-laser/lexmark/, 
/impresoras/impresoras-inkjet/, 
/impresoras/impresoras-multifuncion/, 
/impresoras/impresoras-de-sistema-continuo/, 
/impresoras/impresoras-termicas/, 
/impresoras/insumos/, 
/impresoras/insumos/cartuchos-de-tinta/, 
/impresoras/insumos/cintas/, 
/impresoras/insumos/toners/, 
/consolas/, 
/consolas/joysticks1/, 
/consolas/camara-web/, 
/sillas-gamer/, 
/sillas-gamer/raidmax/, 
/sillas-gamer/afa/, 
/sillas-gamer/trust1/, 
/sillas-gamer/aureox/, 
/sillas-gamer/razer/, 
/combos-especiales/, 
/buscar-por-marca/, 
/buscar-por-marca/gigabyte/, 
/buscar-por-marca/logitech/, 
/buscar-por-marca/hp/, 
/buscar-por-marca/epson/, 
/buscar-por-marca/kingston/, 
/buscar-por-marca/trush/, 
/buscar-por-marca/genius/, 
/buscar-por-marca/xtech/, 
/buscar-por-marca/lenovo/, 
/outlet-y-usados/, 
/seguridad/, 
/seguridad/accesorios-seguridad/, 
/seguridad/camaras-wifi/, 
/seguridad/camaras-ip/, 
/todo-para-empresas/, 
/todo-para-empresas/accesorios-para-servidores/, 
/todo-para-empresas/almacenamiento/, 
/todo-para-empresas/disipadores-termicos/, 
/todo-para-empresas/fuentes-para-servidores/, 
/todo-para-empresas/lectores-de-codigo-de-barra/, 
/todo-para-empresas/procesadores-para-servidores/, 
/todo-para-empresas/servidores/, 
/todo-para-empresas/servidores-nas/, 
/todo-para-empresas/switches/, 
/todo-para-empresas/ups/, 
/todo-para-empresas/rack-para-servidores/, 
/domotica/, 
/domotica/smart-home/, 
/domotica/smart-tv/, 
/domotica/lamparas-led/, 
/cybermonday/, 
/audio-video/, 
/proyectores/, 
/relojes-smartwatch/, 
/perifericos1/, 
/perifericos1/punteros/, 
/como-comprar/, 
/preguntas-frecuentes/, 
/politica-de-devolucion/, 
/terminos-y-condiciones/, 
/productos/in-hp-laserjet-pro-3003dw/, 
/p/privacidad, 
/privacy-preferences/cookies, 
/listado/computacion/, 
/listado/computacion/pc-escritorio/, 
/listado/computacion/notebooks-accesorios/, 
/listado/computacion/componentes-pc/, 
/listado/computacion/componentes-pc/placas/, 
/listado/computacion/componentes-pc/procesadores/, 
/listado/computacion/componentes-pc/memorias-ram/, 
/listado/computacion/almacenamiento/, 
/listado/computacion/conectividad-redes/, 
/listado/computacion/perifericos-pc/, 
/listado/computacion/cables-hubs-usb/, 
/listado/computacion/pc-escritorio/_BRAND_18034, 
/listado/computacion/pc-escritorio/_BRAND_7855833, 
/nuestros-productos, 
/listado/computacion/pc-escritorio/pc/, 
/p/conocenos