"/mis-favoritos",0
"mi-cuenta/",0
"carrito/",0
"rendimiento/",0
"sobre-nosotros/",0
"contacto/",0
"datos-bancarios/",0
"arrepentimiento/",0
"",0
"escolar/coca-cola",0
"harry-potter",0
"Home/Listado",0
"Buscar/dualsense",0
"poke-ofertas",0
"2x1-digitales-ps4-y-ps5",0
"sanrio",0
"Ayuda",0
"/mi-cuenta/",0
"servicio-tecnico/",0
"ayuda/",0
"mi-cuenta",0
"475-software",0
"476-antivirus",0
"contactenos",0
"recuperar-contraseña",0
"iniciar-sesion",0
"centro-de-ayuda.htm",0
"pagina-inicial.htm",0
"configurador-de-pc.htm",0
"quienes-somos.htm",0
"contactanos.htm",0
"como-comprar/",0
"quienes-somos/",0
"formas-de-pago/",0
"arma-tu-pc/",0
"search/",0
"preguntas-frecuentes/",0
"/categoria-producto/",0
"feed/",0
"comments/feed/",0
"wp-json/",0
"ingresar/",0
"informar-pago/",0
"wp-json/wp/v2/pages/869711",0
"wp-json/oembed/1.0/embed",0
"cart/",0
"editar/",0
"favoritos/",0
"wallpapers/",0
"garantia/",0
"libro-de-quejas-on-line/",0
"seguimiento-de-pedidos/",0
"term-conditions/",0
"wp-json/wp/v2/pages/24",0
"etiqueta/🔥/",0
"facturas/",0
"mis-consultas/",0
"mis-preguntas/",0
"venta-empresas/",0
"recuperar-password/",0
"envios/",0
"libro-de-quejas/",0
"ubicacion/",0
"trabajar-en-mexx/",0
"productos/",0
"wishlist/",0
"outlet/outlet/",0
"juguetes/",0
"mochilas/",0
"terminos-y-condiciones/",0
"outlet-/outlet/",0
"buscar/",0
"novedades/",0
"como-comprar/",0
"terminos-y-condiciones/",0
"/mis-favoritos",0
"mi-cuenta/",0
"carrito/",0
"outlet-/outlet/",0
"buscar/",0
"sobre-nosotros/",0
"contacto/",0
"novedades/",0
"ayuda/",0
"arma-tu-pc/",0
"/mis-favoritos",0
"mi-cuenta/",0
"carrito/",0
"/mi-cuenta/",0
"buscar/",0
"contacto/",0
"ayuda/",0
"arrepentimiento/",0
"feed/",0
"comments/feed/",0
"wp-json/",0
"wp-json/wp/v2/pages/869711",0
"wp-json/oembed/1.0/embed",0
"cart/",0
"mi-cuenta/",0
"editar/",0
"favoritos/",0
"wallpapers/",0
"informar-pago/",0
"garantia/",0
"libro-de-quejas-on-line/",0
"seguimiento-de-pedidos/",0
"term-conditions/",0
"feed/",0
"comments/feed/",0
"wp-json/",0
"ingresar/",0
"carrito/",0
"garantia/",0
"informar-pago/",0
"",0
"feed/",0
"comments/feed/",0
"wp-json/",0
"wp-json/wp/v2/pages/24",0
"wp-json/oembed/1.0/embed",0
"carrito/",0
"arma-tu-pc/",0
"etiqueta/🔥/",0
"arma-tu-pc/",0
"mi-cuenta/",0
"carrito/",0
"garantia/",0
"/mi-cuenta/",0
"contacto/",0
"carrito/",0
"facturas/",0
"mis-consultas/",0
"favoritos/",0
"mis-preguntas/",0
"venta-empresas/",0
"recuperar-password/",0
"formas-de-pago/",0
"envios/",0
"libro-de-quejas/",0
"quienes-somos/",0
"ubicacion/",0
"contacto/",0
"trabajar-en-mexx/",0
"contacto/",0
"arma-tu-pc/",0
"/mis-favoritos",0
"mi-cuenta/",0
"carrito/",0
"servicio-tecnico/",0
"ayuda/",0
"sobre-nosotros/",0
"datos-bancarios/",0
"arrepentimiento/",0
"quienes-somos/",0
"productos/",0
"como-comprar/",0