"hogar/",1
"hogar/consolas/",1
"hogar/gadgets/",1
"hogar/impresoras/",1
"hogar/notebooks/",1
"monitores/",1
"otros/",1
"pcs-armadas/",1
"perifericos/",1
"simuladores/",1
"ps5/consolas",1
"perifericos-gamer/pad",1
"parlantes-bluetooth",1
"monitores",1
"pc-armadas",1
"pc-armadas",1
"notebooks",1
"Armado",1
"componentes-de-pc",1
"perifericos",1
"Home/Listado",1
"tu-pc-gamer",1
"accesorios-/",1
"accesorios-/cables/",1
"accesorios-/hub/",1
"accesorios-/ups/",1
"almacenamiento/",1
"butacas/",1
"conectividad/",1
"elegi-tu-pc/",1
"elegi-tu-pc/pc-amd/",1
"eligi-tu-combo/",1
"gabinete/",1
"hardware/",1
"hardware/fuente/",1
"hardware/ssd/",1
"hogar/",1
"impresora/",1
"impresora/resma-/",1
"monitores/",1
"perifericos/",1
"perifericos/mouse/",1
"perifericos/webcam/",1
"portatil/",1
"portatil/notebook/",1
"portatil/tablet/",1
"refrigeracion/",1
"smart-tv/",1
"smart-tv/40a/",1
"371-pc-hogar-oficina",1
"370-pc-gamer",1
"494-pc-diseno",1
"372-mini-pc",1
"508-notebook-oficina",1
"507-notebook-gamer",1
"506-notebook-diseno",1
"414-motherboards",1
"440-mouse",1
"444-teclados",1
"441-mousepad",1
"437-auriculares",1
"439-joystick",1
"442-parlantes",1
"364-webcam",1
"495-silla-gamer",1
"433-monitores-oficina",1
"432-monitores-gamer",1
"435-tvs",1
"423-impresoras-laser",1
"424-impresoras-inkjet",1
"502-toners",1
"376-placas-de-red",1
"377-placas-wifi",1
"500-cables-av",1
"379-router-wifi",1
"380-switch",1
"374-access-point",1
"390-estabilizadores",1
"393-ups",1
"365-computadoras",1
"418-placas-de-video",1
"419-procesadores",1
"412-memorias",1
"2-productos",1
"359-accesorios",1
"369-pc-armada",1
"373-conectividad",1
"375-cable-red",1
"378-router",1
"389-energia",1
"392-powerbanks",1
"398-gaming-house",1
"399-gamepad",1
"400-juegos",1
"401-perifericos2",1
"402-play-station",1
"403-volantes",1
"404-xbox",1
"496-streaming",1
"497-televisores",1
"498-microfono",1
"509-escritorios",1
"405-hardware",1
"407-fuentes",1
"408-gabinetes-con-psu",1
"409-gabinetes-sin-psu",1
"410-hdd",1
"411-hde",1
"413-memorias-soddimm",1
"415-lectograbadoras",1
"416-perifericos3",1
"417-placas-de-sonido",1
"420-refrigeracion",1
"421-ssd",1
"422-impresoras",1
"431-monitores-y-tvs",1
"436-perifericos",1
"438-gamepads",1
"443-sillas-gamer",1
"518-adaptadores",1
"445-portables",1
"447-celulares",1
"448-gamerbook",1
"449-notebooks",1
"451-wearables",1
"479-videovigilancia",1
"480-sonido-video",1
"481-auriculares",1
"482-capturadoras",1
"483-parlantes",1
"484-portatiles",1
"485-proyectores",1
"486-streaming",1
"487-videovigilancia",1
"488-accesorios",1
"490-camaras-ip",1
"503-accesorios",1
"360-adaptadores",1
"361-cable-datos",1
"362-cable-power",1
"363-soportes-led",1
"505-notebooks",1
"514-tablets",1
"515-consumo",1
"517-smart-home",1
"519-outlet",1
"520-simuladores",1
"521-simulador-de-auto",1
"notebooks",1
"perifericos/teclados",1
"perifericos/gaming-kit",1
"perifericos/mousepads",1
"perifericos/mouse",1
"perifericos/webcams",1
"perifericos/microfonos",1
"relojes-smartwatch",1
"tablets",1
"tabletas-digitalizadoras",1
"streaming",1
"camaras-ip",1
"accesorios/cargadores",1
"accesorios/cables",1
"accesorios/merchandising",1
"componentes-de-pc",1
"pc-de-escritorio",1
"monitores",1
"perifericos",1
"conectividad-y-redes",1
"impresion-y-scanners",1
"almacenamiento-portatil",1
"televisores-y-tv-box",1
"accesorios",1
"sillas-gamers",1
"precios-explosivos.htm",1
"corporativo.htm",1
"nvidia.htm",1
"kingstonfury.htm",1
"intel-micrositio.htm",1
"amd-micrositio.htm",1
"msi.htm",1
"hyperx-micro.htm",1
"micrositio-palit.htm",1
"logitech-vx.htm",1
"xpg-vx.htm",1
"corsair-vx.htm",1
"kingston-vx.htm",1
"bangho-vx.htm",1
"cooler-master-vx.htm",1
"ADATA-VX.htm",1
"gamdias-vx.htm",1
"resultado-busqueda.htm",1
"apple.htm",1
"hyperxmicro.htm",1
"logitech-microsite",1
"aorus.htm",1
"kingston.htm",1
"bangho.htm",1
"impresoras-pantum.htm",1
"redragon-venex.htm",1
"tech-accesorios.htm",1
"pcs-gamer/",1
"arma-tu-pc/",1
"monitores/",1
"notebooks/",1
"perifericos/",1
"sillas-gamer/",1
"marcas/aorus/",1
"productos/",1
"perifericos/",1
"perifericos/teclados/",1
"perifericos/mouse/",1
"perifericos/webcam/",1
"perifericos/volantes/",1
"memorias-ram/",1
"fuentes/",1
"fuentes/fuentes1/",1
"fuentes/gabinetes/",1
"gamepad-joystick/",1
"redes/",1
"redes/switch-de-red/",1
"cables-y-accesorios/",1
"pc-armadas/",1
"pc-armadas/pc-gamer/",1
"memorias-portatil/",1
"almacenamiento/",1
"monitores/",1
"toners/",1
"notebooks/",1
"pc-hogarena-oficina/",1
"placa-de-video/",1
"combos-actualizacion/",1
"motherboards/",1
"microprocesadores/",1
"refrigeracion/",1
"impresoras/",1
"adaptadores/",1
"sillas-gamer/",1
"estabilizadores/",1
"multimedia/",1
"camaras-de-seguridad/",1
"ofertas/",1
"consolas/",1
"accesorios/",1
"accesorios/cables/",1
"almacenamiento/",1
"almacenamiento/ssd-m2/",1
"apple/",1
"apple/airpods/",1
"apple/apple-watch/",1
"apple/ipad/",1
"apple/macbook/",1
"celulares/",1
"celulares/iphone/",1
"celulares/motorola/",1
"celulares/samsung/",1
"celulares/xiaomi/",1
"combos/",1
"combos/actualizacion-/",1
"combos/todo-en-combos/",1
"conectividad/",1
"conectividad/cables/",1
"consolas/",1
"consolas/nintendo/",1
"consolas/playstation/",1
"fuente/",1
"fuente/nuevo/",1
"fuente/usado/",1
"gabinetes/",1
"memoria-ram/",1
"monitores/",1
"motherboard/",1
"motherboard/amd/",1
"motherboard/intel/",1
"notebook/",1
"parlantes/",1
"parlantes/jbl/",1
"pc-armadas/",1
"perifericos-/",1
"perifericos-/mouse/",1
"perifericos-/teclado/",1
"perifericos-/web-cam/",1
"placas-de-video/",1
"placas-de-video/nuevo/",1
"placas-de-video/usado/",1
"procesadores/",1
"procesadores/amd/",1
"procesadores/intel/",1
"refrigeracion-/",1
"refrigeracion-/cooler/",1
"samsung/",1
"samsung/smartwatch/",1
"samsung/tablet/",1
"silla-gamer/",1
"tablet/",1
"tablet/todo-en-tablet/",1
"notebooks/",1
"smartwatch/",1
"parlantes/",1
"perifericos/",1
"perifericos/otros/",1
"perifericos/joysticks/",1
"perifericos/mouses/",1
"perifericos/pads/",1
"perifericos/teclados/",1
"tablets/",1
"monitores/",1
"apple/",1
"componentes-de-pc/",1
"outlet/",1
"productos/",1
"productos?/categoria-producto/",1
"productos?/categoria-producto/hardware/",1
"productos?/categoria-producto/equipos/",1
"productos?/categoria-producto/monitores/",1
"productos?/categoria-producto/otros/",1
"productos?/categoria-producto/apple/",1
"productos?/categoria-producto/go-pro/",1
"productos?/categoria-producto/consolas/",1
"tag/hardware",1
"cat/search/asus%205060",1
"logitech/",1
"msi/",1
"tag/razer_silla%20gamer",1
"cat/search/predator",1
"tag/asus",1
"tag/gigabyte",1
"msi",1
"tag/msi",1
"tag/lg",1
"tienda/",1
"_BRAND_15788",1
"_BRAND_7885",1
"_BRAND_16360",1
"_BRAND_7294334",1
"_BRAND_7124",1
"_BRAND_275795",1
"_BRAND_7494",1
"_BRAND_13180685",1
"_BRAND_17587",1
"_BRAND_47354",1
"_BRAND_20170",1
"_BRAND_7855833",1
"_BRAND_448156",1
"_BRAND_18623",1
"_BRAND_16215",1
"_BRAND_18034",1
"_BRAND_18662",1
"_BRAND_2601943",1
"_BRAND_215",1
"_BRAND_1823",1
"_BRAND_1150760",1
"_BRAND_194",1
"_BRAND_50538",1
"_BRAND_2333684",1
"_BRAND_41874",1
"_BRAND_206",1
"_BRAND_134413",1
"_BRAND_445743",1
"_BRAND_899182",1
"_BRAND_5067244",1
"_BRAND_19879",1
"_BRAND_923416",1
"_BRAND_434164",1
"_BRAND_18685",1
"_BRAND_15795",1
"_BRAND_479",1
"_BRAND_47687",1
"_BRAND_17265",1
"_BRAND_16244",1
"_BRAND_9565",1
"_BRAND_2542655",1
"_BRAND_195091",1
"_BRAND_1258105",1
"_BRAND_9597",1
"_BRAND_6504514",1
"_BRAND_4208",1
"_BRAND_2542653",1
"_BRAND_2017",1
"_BRAND_17418",1
"_BRAND_9807",1
"_BRAND_9593",1
"_BRAND_9079566",1
"_BRAND_42328",1
"_BRAND_410974",1
"_BRAND_41057",1
"_BRAND_2097652",1
"_BRAND_17337102",1
"_BRAND_16739",1
"_BRAND_15162008",1
"_BRAND_995",1
"_BRAND_8784",1
"_BRAND_80801",1
"_BRAND_5986",1
"tienda/",1
"almacenamiento/",1
"disco-hdd/",1
"disco-ssd/",1
"fuentes/",1
"todo-en-fuentes/",1
"gabinetes/",1
"todo-en-gabinetes/",1
"memorias-ram/",1
"motherboards/",1
"motherboars-intel/",1
"motherboars-amd/",1
"placas-de-video/",1
"procesadores/",1
"procesadores-amd/",1
"refrigeracion/",1
"pc-armadas/",1
"monitores/",1
"conectividad/",1
"placas-wifi/",1
"repetidor-wifi/",1
"router/",1
"hubs/",1
"perifericos/",1
"auriculares/",1
"camaras-web/",1
"joystick/",1
"microfonos/",1
"mouse/",1
"mouse-pad/",1
"parlantes/",1
"teclados/",1
"volantes/",1
"sillas-gamer/",1
"notebooks/",1
"accesorios/",1
"estabilizadores/",1
"cables/",1
"pen-drives/",1
"outlet/",1
"outlet/outlet/",1
"productos?/categoria/combos/",1
"accesorios-celulares/",1
"accesorios-smartwatch/",1
"auriculares/",1
"auriculares/bluetooth/",1
"auriculares/cable/",1
"componentes-pc/",1
"componentes-pc/fuentes/",1
"componentes-pc/cooler-cpu/",1
"componentes-pc/gabinetes/",1
"componentes-pc/cpu/",1
"consolas/",1
"consolas/retro/",1
"consolas/ps51/",1
"consolas/ps51/joystick1/",1
"consolas/ps51/consolas1/",1
"consolas/xbox1/",1
"consolas/xbox1/joystick2/",1
"hogar/",1
"hogar/cuidado-personal/",1
"hogar/freidoras/",1
"hogar/cafeteras-expresso/",1
"hogar/fabrica-de-hielo/",1
"monitores/",1
"parlantes-bt/",1
"perifericos/",1
"perifericos/joystick/",1
"perifericos/auriculares1/",1
"perifericos/mouse/",1
"perifericos/kit-gamer/",1
"perifericos/teclados/",1
"perifericos/webcams/",1
"perifericos/pads/",1
"perifericos/keycaps/",1
"perifericos/kit/",1
"perifericos/accesorios/",1
"perifericos/microfonos/",1
"perifericos/switches/",1
"perifericos/stream/",1
"perifericos/mixer-sonido/",1
"pilas/",1
"pilas/aa/",1
"pilas/aaa/",1
"sillas-gamer/",1
"smartwatch/",1
"smartwatch/smartwatch1/",1
"outlet/",1
"smart-home/",1
"smart-home/tv-box1/",1
"smart-home/robot-piscina/",1
"joystick-gamepad/",1
"joystick-gamepad/ps5/",1
"joystick-gamepad/ps4/",1
"joystick-gamepad/xbox/",1
"joystick-gamepad/pc/",1
"conectividad-redes/",1
"conectividad-redes/switch/",1
"coleccionables/",1
"computadoras-pc/",1
"computadoras-pc/mini-pcs/",1
"tablet/",1
"mochilas/",1
"volantes-y-accesorios/",1
"productos/",1
"search/",1
"impresoras/",1
"varios-electronica/",1
"almacenamiento/",1
"audio/",1
"Celulares/",1
"computadoras/",1
"conectividad/",1
"conectores/",1
"energia/",1
"energia/pilas/",1
"energia/UPS/",1
"hardware/",1
"impresoras/",1
"monitores/",1
"otros/",1
"otros/otros/",1
"outlet-/",1
"outlet-/outlet/",1
"perifericos/",1
"Sillas-/",1
"smart-watch/",1
"soportes/",1
"tablets/",1
"marca/crucial/",1
"marca/kingston/",1
"marca/lenovo/",1
"marca/logitech/",1
"tag/hardware",1
"tag/notebook",1
"tag/pc_asus",1
"pcarmada",1
"build",1
"accesorios/",1
"almacenamiento/",1
"cables/",1
"conectividad/",1
"estabilizadores/",1
"fuentes/",1
"gabinetes/",1
"memorias-ram/",1
"monitores/",1
"motherboards/",1
"notebooks/",1
"pc-armadas/",1
"perifericos/",1
"perifericos/kits/",1
"perifericos/mouse/",1
"perifericos/pads/",1
"placas-de-video/",1
"procesadores/",1
"procesadores/amd/",1
"refrigeracion/",1
"seguridad/",1
"seguridad/nvr/",1
"sillas/",1
"varios/",1
"marca/adata/",1
"marca/amd_1/",1
"marca/asrock/",1
"marca/asus/",1
"marca/corsair/",1
"marca/crucial/",1
"marca/gskill/",1
"marca/gigabyte/",1
"marca/intel/",1
"marca/kingston/",1
"marca/lenovo/",1
"marca/lexar/",1
"marca/lg/",1
"marca/logitech/",1
"marca/msi/",1
"marca/noctua/",1
"marca/patriot/",1
"marca/philips/",1
"marca/pny/",1
"marca/raidmax/",1
"marca/razer/",1
"marca/samsung/",1
"marca/sapphire/",1
"marca/seagate/",1
"marca/thermaltake/",1
"marca/tp-link/",1
"marca/trust/",1
"marca/viewsonic/",1
"marca/wd/",1
"marca/xigmatek/",1
"productos?/categoria/procesadores/",1
"productos?/categoria/placas-de-video/",1
"productos?/categoria/refrigeracion-pc/",1
"productos?/categoria/motherboards/",1
"productos?/categoria/memorias-ram/",1
"productos?/categoria/almacenamiento/",1
"productos?/categoria/gabinetes/",1
"productos?/categoria/fuentes/",1
"productos?/categoria/fuentes-80-plus/",1
"productos?/categoria/pc-gamer/",1
"pc-armadas/",1
"productos?/categoria/servidores/",1
"productos?/categoria/notebooks/",1
"productos?/categoria/gameroom/",1
"productos?/categoria/consolas/",1
"productos?/categoria/monitores/",1
"productos?/categoria/apple/",1
"productos?/categoria/iphone-apple/",1
"productos?/categoria/ipad-apple/",1
"productos?/categoria/macbook-apple/",1
"productos?/categoria/mouse/",1
"productos?/categoria/mouse-pad/",1
"productos?/categoria/teclados/",1
"productos?/categoria/parlantes/",1
"productos?/categoria/camaras/",1
"productos?/categoria/volantes/",1
"productos?/categoria/accesorios/",1
"productos?/categoria/accesorios-apple/",1
"productos?/categoria/pen-drives/",1
"productos?/categoria/bluetooth/",1
"productos?/categoria/monitores-diseno/",1
"hardware/",1
"marca-filtros/amd/",1
"marca-filtros/intel/",1
"marca-filtros/asus/",1
"marca-filtros/gigabyte/",1
"marca-filtros/corsair/",1
"marca-filtros/lg/",1
"marca-filtros/aorus/",1
"marca-filtros/hp/",1
"marca-filtros/logitech/",1
"marca-filtros/lenovo/",1
"marca-filtros/msi/",1
"marca-filtros/adata/",1
"marca-filtros/kingston/",1
"marca-filtros/aerocool/",1
"marca-filtros/tp-link/",1
"marca-filtros/thermaltake/",1
"marca-filtros/samsung/",1
"marca-filtros/viewsonic/",1
"marca-filtros/aoc/",1
"productos?/categoria/sillas-gamers/",1
"pc-armadas/#workstation",1
"pc-armadas/#gaming",1
"pc-armadas/#contenido",1
"productos?/categoria/notebooks-gamer/",1
"productos?/categoria/escritorio-pc/",1
"productos?/categoria/smart-home/",1
"productos?/categoria/televisores/",1
"productos?/categoria/monitores-gamer/",1
"productos?/categoria/fuentes/",1
"notebooks/",1
"placasdevideo/",1
"monitores/",1
"sillasgamer/",1
"hardware/",1
"PCArmada/",1
"razer/",1
"corsair/",1
"pcarmada/",1
"aorus/",1
"elgato/",1
"hardware/",1
"productos?/categoria/procesadores/",1
"productos?/categoria/motherboards/",1
"productos?/categoria/coolers/",1
"productos?/categoria/discos/",1
"productos?/categoria/memorias/",1
"productos?/categoria/fuentes/",1
"productos?/categoria/gabinetes/",1
"equipos-armados/",1
"monitores/",1
"notebooks/",1
"perifericos/",1
"productos?/categoria/sillas/",1
"impresoras/",1
"productos?/categoria/seguridad/",1
"productos?/categoria/conectividad/",1
"productos?/categoria/impresoras/",1
"ofertas/",1
"outlet/",1
"productos?/categoria/monitores/",1
"productos?/categoria/perifericos/",1
"productos?/categoria/notebooks/",1
"placas-de-video/",1
"fuentes-atx/",1
"Gabinetes_2/",1
"Joystick/",1
"Monitores/",1
"Notebooks/",1
"parlantes-/",1
"productos-rubro/gamers/",1
"productos-rubro//",1
"almacenamiento/",1
"almacenamiento/hdd/",1
"almacenamiento/ssd/",1
"audio/",1
"audio/auriculares/",1
"audio/microfonos/",1
"cables-y-adaptadores/",1
"celulares-y-tablets/",1
"combo-actualizacion/",1
"conectividad-y-redes/",1
"fuentes/",1
"fuentes/atx/",1
"gabinetes/",1
"gabinetes/modding/",1
"gamepad---joystick/",1
"memorias-ram/",1
"memorias-ram/memorias/",1
"mother/",1
"mother/para-amd/",1
"mother/para-intel/",1
"pc-armadas/",1
"pc-armadas/amd-ryzen/",1
"pc-armadas/intel/",1
"placas-de-video/",1
"placas-de-video/amd/",1
"portatiles/",1
"portatiles/notebooks/",1
"procesadores/",1
"procesadores/amd/",1
"procesadores/intel/",1
"refrigeracion/",1
"refrigeracion/coolers/",1
"refrigeracion/varios/",1
"sillas-gamers/",1
"teclados-y-mouses/",1
"marca/adata/",1
"marca/aerocool/",1
"marca/amd/",1
"marca/aoc/",1
"marca/apple/",1
"marca/asrock/",1
"marca/asus/",1
"marca/aureox/",1
"marca/cooler-master/",1
"marca/corsair/",1
"marca/crucial/",1
"marca/deep-cool/",1
"marca/dell/",1
"marca/evga/",1
"marca/game-pro/",1
"marca/genius/",1
"marca/gigabyte/",1
"marca/hp/",1
"marca/hyper-x/",1
"marca/id-cooling/",1
"marca/intel/",1
"marca/kingston/",1
"marca/kolink/",1
"marca/lexar/",1
"marca/lg/",1
"marca/logitech/",1
"marca/markvision/",1
"marca/mercusys/",1
"marca/msi/",1
"marca/naxido/",1
"marca/noblex/",1
"marca/noxi/",1
"marca/nvidia/",1
"marca/patriot/",1
"marca/philips/",1
"marca/pny/",1
"marca/razer/",1
"marca/redragon/",1
"marca/samsung/",1
"marca/sapphire/",1
"marca/seagate/",1
"marca/teamgroup/",1
"marca/thermaltake/",1
"marca/tp-link/",1
"marca/trust-gaming/",1
"marca/viewsonic/",1
"marca/western-digital/",1
"marca/xpg/",1
"marca/zotac/",1
"servicio-tecnico/",1
"marca/antec/",1
"marca/noganet/",1
"productos/",1
"accesorios-para-pc/",1
"celulares/",1
"componentes-de-pc/",1
"perifericos/",1
"perifericos/microsd/",1
"perifericos/mouse/",1
"computadoras-gamers/",1
"monitores/",1
"notebook/",1
"tablet/",1
"tablet/iqual/",1
"tablet/sansung/",1
"tablet/lenovo1/",1
"tablet/smart-kassel/",1
"tablet/enova/",1
"conectividad-varios/",1
"impresoras/",1
"impresoras/insumos/",1
"consolas/",1
"consolas/joysticks1/",1
"consolas/camara-web/",1
"sillas-gamer/",1
"sillas-gamer/afa/",1
"sillas-gamer/trust1/",1
"sillas-gamer/aureox/",1
"sillas-gamer/razer/",1
"combos-especiales/",1
"outlet-y-usados/",1
"seguridad/",1
"todo-para-empresas/",1
"domotica/",1
"domotica/smart-home/",1
"domotica/smart-tv/",1
"cybermonday/",1
"audio-video/",1
"proyectores/",1
"relojes-smartwatch/",1
"perifericos1/",1
"productos?/cate=58",1
"productos?/cate=59",1
"productos?/cate=27",1
"productos?/cate=48",1
"productos?/cate=26",1
"productos?/cate=49",1
"productos?/cate=62",1
"productos?/cate=15",1
"productos?/cate=47",1
"productos?/cate=16",1
"productos?/cate=19",1
"productos?/cate=81",1
"productos?/cate=90",1
"productos?/cate=35",1
"productos?/cate=36",1
"productos?/cate=67",1
"productos?/cate=7",1
"productos?/cate=100",1
"productos?/cate=34",1
"productos?/cate=5",1
"productos?/cate=8",1
"productos?/cate=39",1
"productos?/cate=2",1
"productos?/cate=13",1
"productos?/cate=18",1
"productos?/cate=38",1
"productos?/cate=65",1
"productos?/cate=72",1
"productos?/cate=74",1
"productos?/cate=84",1
"productos?/cate=113",1
"productos?/cate=66",1
"productos?/cate=14",1
"productos?/cate=83",1
"productos?/cate=31",1
"productos?/cate=111",1
"productos?/cate=21",1
"productos?/cate=3",1
"productos?/cate=24",1
